rank,prev_rank,rider,team,points,manager
1,1,POGAČAR Tadej,UAE Team Emirates - XRG,3440,Joe
2,6,EVENEPOEL Remco,Red Bull - BORA - hansgrohe,2146,Andy
3,2,DEL TORO Isaac,UAE Team Emirates - XRG,1969,Dave
4,3,VINGEGAARD Jonas,Team Visma | Lease a Bike,1871,Nick
5,99,SEIXAS Paul,Decathlon CMA CGM Team,1857,Mike
6,20,PHILIPSEN Jasper,Alpecin - Premier Tech,1479,Tim
7,65,SCHMID Mauro,Team Jayco AlUla,1328,
8,31,MARTINEZ Lenny,Bahrain - Victorious,1327,Dave
9,58,JOHANNESSEN Tobias Halland,Uno-X Mobility,1261,
10,7,PIDCOCK Thomas,Pinarello Q36.5 Pro Cycling Team,1251,Cameron
11,8,VAN DER POEL Mathieu,Alpecin - Premier Tech,1230,Mike
12,23,LIPOWITZ Florian,Red Bull - BORA - hansgrohe,1154,Campbell
13,29,SKJELMOSE Mattias,Lidl - Trek,1107,Mike
14,40,ANDRESEN Tobias Lund,Decathlon CMA CGM Team,1069,
15,50,CARAPAZ Richard,EF Education - EasyPost,1028,Mike
16,5,PEDERSEN Mads,Lidl - Trek,893,Tim
17,276,PITHIE Laurence,Red Bull - BORA - hansgrohe,863,
18,18,VAN AERT Wout,Team Visma | Lease a Bike,859,Campbell
19,27,GALL Felix,Decathlon CMA CGM Team,857,Dave
20,62,PELLIZZARI Giulio,Red Bull - BORA - hansgrohe,855,Campbell
21,12,AYUSO Juan,Lidl - Trek,855,Nick
22,14,SCARONI Christian,XDS Astana Team,838,Campbell
23,234,COSNEFROY Benoît,UAE Team Emirates - XRG,838,
24,28,GRÉGOIRE Romain,Groupama - FDJ United,826,Andy
25,17,MERLIER Tim,Soudal Quick-Step,764,Tim
26,34,ARENSMAN Thymen,Netcompany INEOS,759,Cameron
27,26,JORGENSON Matteo,Team Visma | Lease a Bike,742,Cameron
28,11,MAGNIER Paul,Soudal Quick-Step,735,Mike
29,224,IZAGIRRE Ion,Cofidis,732,
30,101,GROENEWEGEN Dylan,Unibet Rose Rockets,692,
31,83,PIGANZOLI Davide,Team Visma | Lease a Bike,676,
32,61,HINDLEY Jai,Red Bull - BORA - hansgrohe,674,Tim
33,41,GIRMAY Biniam,NSN Cycling Team,672,Dave
34,103,SILVA Guillermo Thomas,XDS Astana Team,655,
35,46,BERNAL Egan,Netcompany INEOS,634,
36,87,RICCITELLO Matthew,Decathlon CMA CGM Team,634,
37,66,GODON Dorian,Netcompany INEOS,620,
38,42,MEEUS Jordi,Red Bull - BORA - hansgrohe,608,
39,251,BAUDIN Alex,EF Education - EasyPost,606,
40,159,STUYVEN Jasper,Soudal Quick-Step,597,
41,59,GEE Derek,Lidl - Trek,592,Mike
42,16,VAUQUELIN Kévin,Netcompany INEOS,590,Dave
43,105,KUSS Sepp,Team Visma | Lease a Bike,588,
44,107,PLAPP Luke,Team Jayco AlUla,565,
45,35,GANNA Filippo,Netcompany INEOS,561,Cameron
46,89,MORGADO António,UAE Team Emirates - XRG,560,
47,19,MILAN Jonathan,Lidl - Trek,559,Campbell
48,55,ARANBURU Alex,Cofidis,557,
49,240,LAPORTE Christophe,Team Visma | Lease a Bike,557,
50,49,CHRISTEN Jan,UAE Team Emirates - XRG,545,Tim
51,262,ARRIETA Igor,UAE Team Emirates - XRG,533,
52,75,KANTER Max,XDS Astana Team,530,
53,43,YATES Adam,UAE Team Emirates - XRG,529,Andy
54,95,TEJADA Harold,XDS Astana Team,524,
55,138,RONDEL Mathys,Tudor Pro Cycling Team,516,
56,78,TIBERI Antonio,Bahrain - Victorious,513,
57,24,KOOIJ Olav,Decathlon CMA CGM Team,509,Tim
58,229,TESFATSION Natnael,Movistar Team,499,
59,77,JEGAT Jordan,TotalEnergies,497,
60,143,VENTURINI Clément,Unibet Rose Rockets,485,
61,44,WÆRENSKJOLD Søren,Uno-X Mobility,483,
62,25,STORER Michael,Tudor Pro Cycling Team,468,Campbell
63,30,BRENNAN Matthew,Team Visma | Lease a Bike,451,Andy
64,86,MULUBRHAN Henok,XDS Astana Team,450,
65,36,STRONG Corbin,NSN Cycling Team,444,Tim
66,250,ZANA Filippo,Soudal Quick-Step,441,
67,13,CICCONE Giulio,Lidl - Trek,439,Dave
68,246,VOISARD Yannis,Tudor Pro Cycling Team,432,
69,285,FOLDAGER Anders,Team Jayco AlUla,430,
70,51,KUBIŠ Lukáš,Unibet Rose Rockets,423,
71,112,VERMEERSCH Florian,UAE Team Emirates - XRG,421,
72,73,FRETIN Milan,Cofidis,420,
73,32,ROGLIČ Primož,Red Bull - BORA - hansgrohe,420,Cameron
74,189,TURGIS Anthony,TotalEnergies,419,
75,47,BILBAO Pello,Bahrain - Victorious,419,
76,282,EULÁLIO Afonso,Bahrain - Victorious,417,
77,635,BERWICK Sebastian,Caja Rural - Seguros RGA,417,
78,102,ASKEY Lewis,NSN Cycling Team,416,
79,503,HAGENES Per Strand,Team Visma | Lease a Bike,411,
80,175,PARET-PEINTRE Valentin,Soudal Quick-Step,407,
81,187,LEKNESSUND Andreas,Uno-X Mobility,403,
82,212,NORDHAGEN Jørgen,Team Visma | Lease a Bike,398,Gemini's Hipsters
83,194,BARRENETXEA Jon,Movistar Team,396,
84,111,SIMMONS Quinn,Lidl - Trek,395,
85,306,VLASOV Aleksandr,Red Bull - BORA - hansgrohe,393,
86,10,DE LIE Arnaud,Lotto Intermarché,393,Mike
87,117,ROMEO Iván,Movistar Team,392,
88,177,BERCKMOES Jenno,Lotto Intermarché,388,
89,67,TULETT Ben,Team Visma | Lease a Bike,376,Gemini's Hipsters
90,69,O'CONNOR Ben,Team Jayco AlUla,374,Nick
91,152,VERNON Ethan,NSN Cycling Team,372,
92,64,CHAMPOUSSIN Clément,XDS Astana Team,365,
93,272,FANCELLU Alessandro,MBH Bank CSB Telecom Fort,364,
94,431,VINOKUROV Nicolas,XDS Astana Team,361,
95,136,GRUEL Thibaud,Groupama - FDJ United,361,
96,33,NARVÁEZ Jhonatan,UAE Team Emirates - XRG,359,Nick
97,113,LAPEIRA Paul,Decathlon CMA CGM Team,359,
98,127,VACEK Mathias,Lidl - Trek,357,
99,214,VENDRAME Andrea,Team Jayco AlUla,356,
100,1111,TUCKWELL Luke,Red Bull - BORA - hansgrohe,349,
101,60,BUITRAGO Santiago,Bahrain - Victorious,348,
102,200,SEGAERT Alec,Bahrain - Victorious,347,
103,479,VALGREN Michael,EF Education - EasyPost,344,
104,490,MARTÍNEZ Daniel Felipe,Red Bull - BORA - hansgrohe,342,
105,84,UIJTDEBROEKS Cian,Movistar Team,339,Andy
106,518,RUIZ Ibon,Equipo Kern Pharma,335,
107,230,DE SCHUYTENEER Steffen,Lotto Intermarché,333,
108,249,MOZZATO Luca,Tudor Pro Cycling Team,332,
109,15,MCNULTY Brandon,UAE Team Emirates - XRG,330,Andy
110,21,VINE Jay,UAE Team Emirates - XRG,328,Nick
111,252,ZIMMERMANN Georg,Lotto Intermarché,327,
112,204,HIGUITA Sergio,XDS Astana Team,323,
113,203,FAGÚNDEZ Eric Antonio,Burgos Burpellet BH,322,
114,122,ANIOŁKOWSKI Stanisław,Cofidis,319,
115,140,COQUARD Bryan,Cofidis,317,
116,179,FEDOROV Yevgeniy,XDS Astana Team,315,
117,500,STEINHAUSER Georg,EF Education - EasyPost,313,
118,53,BITTNER Pavel,Team Picnic PostNL,313,
119,141,RENARD Alexis,Cofidis,312,
120,383,BERASATEGI Xabier,Euskaltel - Euskadi,310,
121,90,ULISSI Diego,XDS Astana Team,306,
122,235,RAJOVIĆ Dušan,Solution Tech NIPPO Rali,305,
123,174,SHEEHAN Riley,NSN Cycling Team,305,
124,167,RODRÍGUEZ Cristián,XDS Astana Team,305,
125,780,ISIDORE Noa,Decathlon CMA CGM Team,301,
126,233,GARCÍA PIERNA Raúl,Movistar Team,300,
127,157,CARUSO Damiano,Bahrain - Victorious,298,
128,327,CASTELLON Jan,Caja Rural - Seguros RGA,297,
129,110,TRENTIN Matteo,Tudor Pro Cycling Team,296,
130,215,GILMORE Brady,NSN Cycling Team,295,
131,185,PLUIMERS Rick,Tudor Pro Cycling Team,295,
132,217,SÖDERQVIST Jakob,Lidl - Trek,295,Joe
133,438,VAN DIJKE Tim,Red Bull - BORA - hansgrohe,295,
134,124,GROßSCHARTNER Felix,UAE Team Emirates - XRG,292,
135,91,ABRAHAMSEN Jonas,Uno-X Mobility,292,Gemini's Hipsters
136,1184,OLIVER Ben,Modern Adventure Pro Cycling,291,
137,243,HARPER Chris,Pinarello Q36.5 Pro Cycling Team,289,
138,1529,GRISEL Matys,Lotto Intermarché,289,
139,92,DELETTRE Alexandre,TotalEnergies,284,
140,163,HERMANS Quinten,Pinarello Q36.5 Pro Cycling Team,283,
141,342,FOSS Tobias,Netcompany INEOS,283,
142,231,VERMEERSCH Gianni,Red Bull - BORA - hansgrohe,282,
143,119,CANAL Carlos,Movistar Team,282,
144,421,DE GENDT Aimé,Pinarello Q36.5 Pro Cycling Team,281,
145,37,JEANNIÈRE Emilien,TotalEnergies,278,Dave
146,734,SOSA Iván Ramiro,Equipo Kern Pharma,277,
147,601,VERSTRYNGE Emiel,Alpecin - Premier Tech,276,
148,82,MARTIN Guillaume,Groupama - FDJ United,270,
149,279,VERMAERKE Kevin,UAE Team Emirates - XRG,269,
150,937,KRON Andreas,Uno-X Mobility,268,
151,488,POLITT Nils,UAE Team Emirates - XRG,268,
152,181,VAN EETVELT Lennert,Lotto Intermarché,268,
153,223,RODRÍGUEZ Carlos,Netcompany INEOS,264,
154,85,DEL GROSSO Tibor,Alpecin - Premier Tech,264,Campbell
155,263,COBO Iván,Equipo Kern Pharma,263,
156,274,MÜHLBERGER Gregor,Decathlon CMA CGM Team,263,
157,281,GAUTHERAT Pierre,Decathlon CMA CGM Team,261,
158,483,QUINTANA Nairo,Movistar Team,260,
159,173,VAN GILS Maxim,Red Bull - BORA - hansgrohe,259,
160,197,TILLER Rasmus,Uno-X Mobility,258,
161,0,POZZOVIVO Domenico,Solution Tech NIPPO Rali,257,
162,221,WELSFORD Sam,Netcompany INEOS,255,
163,260,LAMPERTI Luke,EF Education - EasyPost,255,Gemini's Hipsters
164,732,L'HOTE Antoine,Decathlon CMA CGM Team,255,
165,71,VAN WILDER Ilan,Soudal Quick-Step,254,
166,329,BRENNER Marco,Tudor Pro Cycling Team,253,
167,361,CEPEDA Jefferson Alveiro,Movistar Team,253,
168,321,PINARELLO Alessandro,NSN Cycling Team,253,
169,202,COSTIOU Ewen,Groupama - FDJ United,251,
170,302,FINN Lorenzo,Red Bull - BORA - hansgrohe Rookies,250,Gemini's Hipsters
171,149,CASTRILLO Pablo,Movistar Team,249,
172,109,MOSCHETTI Matteo,Pinarello Q36.5 Pro Cycling Team,249,Andy
173,823,BIESTERBOS Frits,Team Picnic PostNL,249,
174,409,CRESCIOLI Ludovico,Team Polti VisitMalta,248,
175,340,BOGUSŁAWSKI Marceli,ATT Investments,247,
176,496,HEIDUK Kim,Netcompany INEOS,246,
177,526,PERICAS Adrià,UAE Team Emirates - XRG,245,
178,324,OMRZEL Jakob,Bahrain - Victorious,244,
179,4,ALMEIDA João,UAE Team Emirates - XRG,242,Andy
180,132,LAURANCE Axel,Netcompany INEOS,242,
181,284,BISIAUX Léo,Decathlon CMA CGM Team,242,Gemini's Hipsters
182,319,CHARMIG Anthon,Uno-X Mobility,240,
183,144,ZAMBANINI Edoardo,Bahrain - Victorious,240,
184,679,DEWULF Stan,Decathlon CMA CGM Team,240,
185,341,LOOCKX Lander,Unibet Rose Rockets,239,
186,880,PESENTI Thomas,Team Polti VisitMalta,238,
187,413,BRAZ AFONSO Clément,Groupama - FDJ United,237,
188,209,GUERIN Alexis,Anicolor / Campicarn,234,
189,400,ARTZ Huub,Lotto Intermarché,233,
190,561,VANSEVENANT Mauri,Soudal Quick-Step,231,
191,72,WRIGHT Fred,Pinarello Q36.5 Pro Cycling Team,231,Campbell
192,97,ROMO Javier,Movistar Team,228,
193,108,TEUNISSEN Mike,XDS Astana Team,228,
194,739,SLOCK Liam,Lotto Intermarché,227,
195,94,SHEFFIELD Magnus,Netcompany INEOS,226,
196,590,SHMIDT Artem,Netcompany INEOS,226,
197,439,HUENS Axel,Groupama - FDJ United,225,
198,70,WELLENS Tim,UAE Team Emirates - XRG,224,
199,532,GAVIRIA Fernando,Caja Rural - Seguros RGA,223,
200,623,PESCADOR Diego,Movistar Team,222,
201,219,MOHORIČ Matej,Bahrain - Victorious,222,
202,135,PENHOËT Paul,Groupama - FDJ United,221,
203,156,BALLERINI Davide,XDS Astana Team,221,
204,537,WALSCHEID Max,Lidl - Trek,220,
205,289,ACKERMANN Pascal,Team Jayco AlUla,217,
206,619,CRABBE Tom,Team Flanders - Baloise,216,
207,128,LONARDI Giovanni,Team Polti VisitMalta,215,
208,502,IZQUIERDO Clément,Cofidis,214,
209,548,GUALDI Simone,Lotto Intermarché,212,
210,313,THIJSSEN Gerben,Alpecin - Premier Tech,212,
211,116,AULAR Orluis,Movistar Team,212,
212,551,MARTÍN Gotzon,Euskaltel - Euskadi,211,
213,56,PRODHOMME Nicolas,Decathlon CMA CGM Team,211,
214,867,BETTLES Carter,Roojai Insurance Winspace,208,
215,545,MARIAULT Axel,CIC Pro Cycling Academy,208,
216,492,TESSON Jason,TotalEnergies,207,
217,398,RACCAGNI NOVIERO Andrea,Soudal Quick-Step,206,
218,308,VAN MOER Brent,Pinarello Q36.5 Pro Cycling Team,205,
219,646,GUDMESTAD Tord,Decathlon CMA CGM Team,204,
220,562,MUNTON Byron,Modern Adventure Pro Cycling,204,
221,1063,BURNETT Josh,Burgos Burpellet BH,204,
222,195,BIERMANS Jenthe,Cofidis,201,
223,93,LECERF Junior,Soudal Quick-Step,201,
224,363,CAICEDO Jonathan Klever,Wheeltop Rotor Chengdu Team,201,
225,9,ONLEY Oscar,Netcompany INEOS,199,Cameron
226,48,FORTUNATO Lorenzo,XDS Astana Team,199,Nick
227,369,VERONA Carlos,Lidl - Trek,197,
228,162,HOFSTETTER Hugo,NSN Cycling Team,196,
229,388,MARCELLUSI Martin,Bardiani CSF 7 Saber,196,
230,316,BREUILLARD Nicolas,TotalEnergies,195,
231,855,MACÍAS César,Burgos Burpellet BH,194,
232,283,MOLENAAR Alex,Caja Rural - Seguros RGA,194,
233,253,FIORELLI Filippo,Team Visma | Lease a Bike,193,
234,118,VAN POPPEL Danny,Red Bull - BORA - hansgrohe,192,
235,984,VAN KERCKHOVE Matisse,Team Visma | Lease a Bike Development,192,
236,191,POELS Wout,Unibet Rose Rockets,190,
237,104,KULSET Johannes,Uno-X Mobility,189,
238,139,TURNER Ben,Netcompany INEOS,189,
239,280,VERCHER Mattéo,TotalEnergies,188,
240,45,MATTHEWS Michael,Team Jayco AlUla,186,
241,417,LEITÃO Iúri,Caja Rural - Seguros RGA,186,
242,125,SOLER Marc,UAE Team Emirates - XRG,184,
243,120,CORT Magnus,Uno-X Mobility,184,
244,386,ZINGLE Axel,Team Visma | Lease a Bike,184,
245,131,MENTEN Milan,Lotto Intermarché,184,
246,459,SEPÚLVEDA Eduardo,Li Ning Star,184,
247,370,GAROFOLI Gianmarco,Soudal Quick-Step,183,
248,22,HEALY Ben,EF Education - EasyPost,183,Cameron
249,906,JOHANNINK Jelle,Unibet Rose Rockets,182,
250,151,WITHEN PHILIPSEN Albert,Lidl - Trek,182,
251,76,WATSON Samuel,Netcompany INEOS,181,
252,294,DONOVAN Mark,Pinarello Q36.5 Pro Cycling Team,181,
253,148,MOLANO Juan Sebastián,UAE Team Emirates - XRG,181,
254,469,AUGUST Andrew,Netcompany INEOS,181,Gemini's Hipsters
255,182,TARLING Joshua,Netcompany INEOS,181,Nick
256,210,REX Laurenz,Soudal Quick-Step,180,
257,418,TOLIO Alex,Bardiani CSF 7 Saber,180,
258,121,FISHER-BLACK Finn,Red Bull - BORA - hansgrohe,179,
259,227,BARCELÓ Fernando,Caja Rural - Seguros RGA,178,
260,309,PARRA José Félix,Caja Rural - Seguros RGA,178,
261,357,RUSSO Clément,Groupama - FDJ United,178,
262,256,STORK Florian,Tudor Pro Cycling Team,177,
263,525,BENNETT George,NSN Cycling Team,177,
264,515,DONALDSON Robert,Team Jayco AlUla,177,
265,345,LEMMEN Bart,Team Visma | Lease a Bike,177,
266,531,DEBRUYNE Ramses,Alpecin - Premier Tech,177,
267,88,BENOOT Tiesj,Decathlon CMA CGM Team,177,
268,74,MAS Enric,Movistar Team,176,
269,158,DVERSNES LAVIK Fredrik,Uno-X Mobility,173,
270,568,WENZEL Mats,Equipo Kern Pharma,173,
271,519,SWEENY Harry,EF Education - EasyPost,172,
272,389,VAN DIJKE Mick,Red Bull - BORA - hansgrohe,172,
273,676,EDDY Patrick,Team Brennan,171,
274,183,MARIT Arne,Red Bull - BORA - hansgrohe,171,
275,172,ARMIRAIL Bruno,Team Visma | Lease a Bike,169,
276,1112,HIRT Jan,NSN Cycling Team,169,
277,207,MIQUEL Pau,Bahrain - Victorious,168,
278,297,SVESTAD-BÅRDSENG Embret,Netcompany INEOS,168,
279,213,QUARTUCCI Lorenzo,Burgos Burpellet BH,168,
280,106,BAGIOLI Andrea,Lidl - Trek,167,
281,244,GARCÍA CORTINA Iván,Movistar Team,167,
282,853,QUINN Sean,EF Education - EasyPost,167,
283,218,DÍAZ José Manuel,Burgos Burpellet BH,167,
284,1802,BRAVO Henrique,Soudal Quick-Step Devo Team,166,
285,595,BELOKI Markel,EF Education - EasyPost,165,
286,587,AERTS Toon,Lotto Intermarché,164,
287,154,BLIKRA Erlend,Uno-X Mobility,163,
288,434,HATHERLY Alan,Team Jayco AlUla,162,
289,126,DUJARDIN Sandy,TotalEnergies,162,
290,205,MIHKELS Madis,EF Education - EasyPost,162,
291,133,SALBY Alexander,Li Ning Star,161,
292,265,BOL Cees,Decathlon CMA CGM Team,161,
293,576,UMBA Santiago,Solution Tech NIPPO Rali,161,
294,261,BERRADE Urko,Equipo Kern Pharma,160,
295,216,KOPECKÝ Matyáš,Unibet Rose Rockets,160,
296,80,MALUCELLI Matteo,XDS Astana Team,159,
297,612,HOBBS Noah,EF Education - EasyPost,159,
298,222,SOBRERO Matteo,Lidl - Trek,158,
299,505,CEPEDA Jefferson Alexander,EF Education - EasyPost,158,
300,164,BAUHAUS Phil,Bahrain - Victorious,158,
301,414,SCHIFFER Anton,Team Visma | Lease a Bike,157,
302,835,KAMP Alexander,Uno-X Mobility,157,
303,293,HERRADA Jesús,Burgos Burpellet BH,155,
304,147,FRIGO Marco,NSN Cycling Team,155,
305,436,BRAET Vito,Lotto Intermarché,154,
306,1032,FABBRO Matteo,Solution Tech NIPPO Rali,153,
307,371,KRAGH ANDERSEN Søren,Lidl - Trek,153,
308,390,OLDANI Stefano,Caja Rural - Seguros RGA,150,
309,607,HUERTAS Jason Andrey,,150,
310,334,BUSATTO Francesco,Alpecin - Premier Tech,148,
311,833,ERŽEN Žak,Bahrain - Victorious,146,
312,0,MAGAGNOTTI Alessio,Red Bull - BORA - hansgrohe Rookies,146,
313,79,GATE Aaron,XDS Astana Team,145,
314,226,ENGELHARDT Felix,Team Jayco AlUla,145,
315,699,MUDGWAY Luke,Li Ning Star,144,
316,325,NERURKAR Lukas,EF Education - EasyPost,144,
317,287,PEÑALVER Manuel,Team Polti VisitMalta,143,
318,1138,MÜLLER Tobias,Unibet Rose Rockets,143,
319,507,VERRE Alessandro,MBH Bank CSB Telecom Fort,142,
320,445,SPARFEL Aubin,Decathlon CMA CGM Development Team,142,
321,130,BETTIOL Alberto,XDS Astana Team,141,
322,527,COVILI Luca,Bardiani CSF 7 Saber,141,
323,273,CAMPENAERTS Victor,Team Visma | Lease a Bike,140,
324,443,CAVAGNA Rémi,Groupama - FDJ United,139,
325,2067,VAN TRICHT Floris,NSN Cycling Team,138,
326,948,BOICHIS Adrien,Red Bull - BORA - hansgrohe,137,
327,115,DOUBLE Paul,Team Jayco AlUla,137,
328,190,DE LA CRUZ David,Pinarello Q36.5 Pro Cycling Team,137,
329,856,TONEATTI Davide,XDS Astana Team,135,
330,291,MILESI Lorenzo,Movistar Team,135,
331,482,TSVETKOV Nikita,Bardiani CSF 7 Saber,135,
332,410,AGIRRE Jon,Euskaltel - Euskadi,134,
333,344,CATTANEO Mattia,Red Bull - BORA - hansgrohe,134,
334,592,DEKKER David,BEAT CC p/b Saxo,134,
335,1011,DATI Tommaso,Team UKYO,132,
336,1833,HARDOUIN Louis,Van Rysel Roubaix,132,
337,745,ANTUNES Tiago,Efapel Cycling,132,
338,0,JEŽEK Václav,Kasper crypto4me,132,
339,952,PRONSKIY Vadim,Terengganu Cycling Team,131,
340,328,ZANONCELLO Enrico,Bardiani CSF 7 Saber,131,
341,613,CAMPRUBÍ Marcel,Pinarello Q36.5 Pro Cycling Team,131,
342,558,NEILANDS Krists,NSN Cycling Team,131,
343,247,PRADES Eduard,Caja Rural - Seguros RGA,129,
344,394,BONNEU Kamiel,Solution Tech NIPPO Rali,129,
345,299,PEÑA Jesús David,Efapel Cycling,129,
346,450,MAESTRI Mirco,Team Polti VisitMalta,128,
347,430,KOERDT Bjorn,Team Picnic PostNL,127,
348,941,SU Haoyu,XDS Astana Team,127,
349,455,MARTÍ Pau,NSN Cycling Team,126,
350,198,TEUTENBERG Tim Torn,Lidl - Trek,125,
351,54,HIRSCHI Marc,Tudor Pro Cycling Team,125,Joe
352,1558,BLEDDYN Oliver,Team Brennan,123,
353,630,BRUSTENGA Marc,Equipo Kern Pharma,123,
354,493,ÁLVAREZ Héctor,Lidl - Trek Future Racing,122,
355,2504,CHRISTIE-JOHNSTON Alastair,CCACHE x BODYWRAP,122,
356,1201,CALZONI Walter,Pinarello Q36.5 Pro Cycling Team,121,
357,1013,MEEHAN Jamie,Cofidis,121,
358,1204,BALMER Alexandre,Solution Tech NIPPO Rali,121,
359,397,PLOWRIGHT Jensen,Alpecin - Premier Tech,120,
360,296,KWIATKOWSKI Michał,Netcompany INEOS,120,
361,432,TJØTTA Martin,Uno-X Mobility,120,
362,1899,THÉOT Killian,Van Rysel Roubaix,119,
363,553,CADENA Edgar David,Team Storck - MRW Bau,119,
365,704,GLIVAR Gal,Alpecin - Premier Tech,118,
366,208,HOOLE Daan,Decathlon CMA CGM Team,117,
367,1868,BROWNING Fergus,Terengganu Cycling Team,116,
368,1044,VEISTROFFER Baptiste,Lotto Intermarché,116,
369,266,DENZ Nico,Red Bull - BORA - hansgrohe,116,
370,540,KRETSCHY Moritz,NSN Cycling Team,116,
371,1172,PAJUR Romet,Red Bull - BORA - hansgrohe Rookies,116,
372,1278,HERREGODTS Rune,UAE Team Emirates - XRG,115,
373,145,VAN DEN BERG Marijn,EF Education - EasyPost,115,
374,199,DELBOVE Joris,TotalEnergies,115,
375,416,ARVANITOU Nikiforos,Team United Shipping,114,
376,866,SEVILLA Diego Pablo,Team Polti VisitMalta,113,
377,206,ADRIÀ Roger,Movistar Team,112,
378,1480,MIFSUD Andrea,Team Polti VisitMalta,112,
379,685,JOHANSEN Julius,UAE Team Emirates - XRG,112,
380,338,KELDERMAN Wilco,Team Visma | Lease a Bike,112,
381,358,HOLTER Ådne,Uno-X Mobility,111,
382,259,BISSEGGER Stefan,Decathlon CMA CGM Team,111,
383,362,MOLARD Rudy,Groupama - FDJ United,111,
384,0,VEZIE Maxime,CIC Pro Cycling Academy,111,
385,196,VAN DEN BROEK Frank,Team Picnic PostNL,110,
386,176,THOMAS Benjamin,Cofidis,109,
387,960,FOX Matthew,Lotto Intermarché,108,
388,403,BUDZIŃSKI Marcin,MBH Bank CSB Telecom Fort,108,
389,444,NICOLAU Joel,Caja Rural - Seguros RGA,108,
390,404,DE BOD Stefan,Modern Adventure Pro Cycling,108,
391,367,ALLENO Clément,Burgos Burpellet BH,107,
392,2093,JAMAICA Javier Ernesto,Nu Colombia,107,
393,322,CHUMIL Sergio Geovani,Burgos Burpellet BH,107,
394,354,NAESEN Oliver,Decathlon CMA CGM Team,107,
395,968,BLOEM Joren,Unibet Rose Rockets,107,
396,1656,PLUTO Mārtiņš,Energus Cycling Team,107,
397,1210,FROIDEVAUX Robin,Tudor Pro Cycling Team,106,
398,850,BIZKARRA Mikel,Euskaltel - Euskadi,105,
399,614,NICHOLAS SCOTT Cameron,Li Ning Star,104,
400,0,CROZZOLO Fabrizio,Team Polti VisitMalta,104,
401,0,POULARD Athit,Roojai Insurance Winspace,103,
402,368,PAGE Hugo,Cofidis,103,
403,356,ALEOTTI Giovanni,Red Bull - BORA - hansgrohe,103,
404,153,RUBIO Einer,Movistar Team,103,
405,668,DONATI Davide,Red Bull - BORA - hansgrohe Rookies,102,
406,454,RIVERA Brandon Smith,Netcompany INEOS,102,
407,352,HOPKINS Dylan,Roojai Insurance Winspace,101,
408,165,LARSEN Niklas,Unibet Rose Rockets,101,
409,433,VALTER Attila,Bahrain - Victorious,101,
410,288,KOGUT Oded,NSN Cycling Team,101,
411,805,KONYCHEV Alexander,China Anta - Mentech Cycling Team,101,
412,278,WIDAR Jarno,Lotto Intermarché,100,Joe
413,475,VAN ENGELEN Adne,Terengganu Cycling Team,99,
414,498,GOVEKAR Matevž,Bahrain - Victorious,99,
415,653,STÜSSI Colin,Team Vorarlberg,99,
416,733,JASIM SAIF JASIM AL-ALI Abdulla,UAE Team Emirates Gen Z,98,
417,736,DEGENKOLB John,Team Picnic PostNL,98,
418,98,SKUJIŅŠ Toms,Lidl - Trek,98,
419,348,AFFINI Edoardo,Team Visma | Lease a Bike,98,
420,449,JUARISTI Txomin,Euskaltel - Euskadi,98,
421,528,SCALCO Matteo,XDS Astana Development Team,97,
422,447,PACHER Quentin,Groupama - FDJ United,97,
423,727,OLIVEIRA Nelson,Movistar Team,96,
424,395,RAILEANU Cristian,Li Ning Star,95,
425,860,BARBIER Pierre,Terengganu Cycling Team,95,
426,257,MEURISSE Xandro,Pinarello Q36.5 Pro Cycling Team,95,
427,719,BELOHVOŠČIKS Kristiāns,BIKE AID,95,
428,1140,BORGO Alessandro,Bahrain - Victorious,95,
429,604,PALETTI Luca,Bardiani CSF 7 Saber,94,
430,440,GARIBBO Nicolò,Team UKYO,94,
431,642,PAREDES Wilmar Andres,Team Medellín - EPM,94,
432,303,MOLLEMA Bauke,Lidl - Trek,93,
433,134,BERTHET Clément,Groupama - FDJ United,93,
434,808,ÄRM Rait,Energus Cycling Team,93,
435,628,DUPONT Timothy,Tarteletto - Isorex,92,
436,211,ALBANESE Vincenzo,EF Education - EasyPost,92,
437,405,DE KLEIJN Arvid,Tudor Pro Cycling Team,92,
438,650,REINDERS Elmar,Unibet Rose Rockets,91,
439,114,JOHANNESSEN Anders Halland,Uno-X Mobility,91,
440,426,TERCERO Fernando,Team Polti VisitMalta,91,
441,57,VELASCO Simone,XDS Astana Team,90,
442,621,ROMELE Alessandro,XDS Astana Team,90,
443,347,ASGREEN Kasper,EF Education - EasyPost,90,
444,1932,MANENTI Marco,Bardiani CSF 7 Saber,90,
445,752,LIEPIŅŠ Emīls,Pinarello Q36.5 Pro Cycling Team,90,
446,446,UHLIG Henri,Alpecin - Premier Tech,89,
447,798,BAIS Mattia,Team Polti VisitMalta,89,
448,1694,DRIESEN Niels,Lotto - Groupe Wanty,88,
449,1659,ADAMIETZ Johannes,REMBE | rad-net,88,
450,546,HAMILTON Chris,Team Picnic PostNL,87,
451,236,OLIVEIRA Ivo,UAE Team Emirates - XRG,87,
452,1065,VAN GESTEL Dries,Soudal Quick-Step,87,
453,331,EIKING Odd Christian,Unibet Rose Rockets,87,
454,428,DECOMBLE Maxime,Groupama - FDJ United,87,
455,538,LÓPEZ Jordi,Euskaltel - Euskadi,87,
456,142,TRONCHON Bastien,Groupama - FDJ United,87,
457,2360,BESSEGA Gabriele,Team Polti VisitMalta,87,
458,589,DONNENWIRTH Tom,Groupama - FDJ United,86,
459,861,SÜTTERLIN Jasha,Team Jayco AlUla,86,
460,305,DEHAIRS Simon,Alpecin - Premier Tech,86,
461,790,SKAARSETH Anders,Uno-X Mobility,85,
462,510,LE BERRE Mathis,TotalEnergies,85,
463,639,DARDER Sergi,Caja Rural - Seguros RGA,85,
464,697,JASCH Lennart,Tudor Pro Cycling Team,85,
465,522,PICKERING Finlay,Team Jayco AlUla,85,
466,377,PEDERSEN Casper,Soudal Quick-Step,84,
467,779,VAN DEN BERG Julius,Team Picnic PostNL,84,
468,463,MAISONOBE Sam,Cofidis,84,
469,1271,BELLETTA Dario Igor,Team Polti VisitMalta,83,
470,343,VAN BOVEN Luca,Lotto Intermarché,83,
471,155,MADOUAS Valentin,Groupama - FDJ United,83,
472,514,ANDERSEN Mads,Swatt Club,83,
473,520,DAUPHIN Florian,TotalEnergies,82,
474,427,DE LA CALLE Hugo,Burgos Burpellet BH,82,
475,741,TRATNIK Jan,Red Bull - BORA - hansgrohe,82,
476,52,ALAPHILIPPE Julian,Tudor Pro Cycling Team,82,Cameron
477,193,DE BONDT Dries,Team Jayco AlUla,82,
478,258,BALDERSTONE Abel,Caja Rural - Seguros RGA,82,
479,320,CAVIA Daniel,Burgos Burpellet BH,80,
480,582,GONZÁLEZ David,Pinarello Q36.5 Pro Cycling Team,80,
481,487,VARGAS Wálter,Team Medellín - EPM,80,
482,1017,SORARRAIN Gorka,Caja Rural - Seguros RGA,79,
483,542,GRAAT Tijmen,Team Visma | Lease a Bike,79,
484,1024,LAU Wan Yau Vincent,Roojai Insurance Winspace,79,
485,486,SWIFT Connor,Netcompany INEOS,79,
486,1107,KERCKHAERT Jochem,BEAT CC p/b Saxo,79,
487,657,STANNARD Robert,Bahrain - Victorious,78,
488,307,HALLER Marco,Tudor Pro Cycling Team,78,
489,468,ROULAND Louis,Cofidis,78,
490,776,MASNADA Fausto,MBH Bank CSB Telecom Fort,78,
491,865,BOU Joan,Caja Rural - Seguros RGA,78,
492,385,VAN MECHELEN Vlad,Bahrain - Victorious,77,
493,939,KOCKELMANN Mathieu,Lotto Intermarché,77,
494,100,PARET-PEINTRE Aurélien,Decathlon CMA CGM Team,77,
495,759,GAFFURI Mattia,Team Picnic PostNL,77,
496,555,FERRON Valentin,Cofidis,77,
497,951,TEUGELS Lennert,Tarteletto - Isorex,77,
498,472,VERVAEKE Louis,Soudal Quick-Step,76,
499,161,COVI Alessandro,Team Jayco AlUla,76,
500,1445,CARR Simon,Cofidis,76,
501,629,SINSCHEK Nils,Li Ning Star,75,
502,1517,LOZANO Juan Pedro,Terengganu Cycling Team,75,
503,346,EENKHOORN Pascal,Soudal Quick-Step,75,
504,1285,RENARD-HAQUIN Henri-François,Team Picnic PostNL,75,
505,655,MOSCON Gianni,Red Bull - BORA - hansgrohe,75,
506,770,ZUKOWSKY Nickolas,Pinarello Q36.5 Pro Cycling Team,75,
507,573,JACOBS Johan,Groupama - FDJ United,75,
508,695,COBARRUBIA Leonardo,,75,
509,0,BAGATIN Christian,MBH Bank CSB Telecom Fort,75,
510,242,ETXEBERRIA Haimar,Red Bull - BORA - hansgrohe,74,
511,1050,JARNET Maxime,Van Rysel Roubaix,74,
512,241,TEUNS Dylan,Cofidis,74,
513,315,THEUNS Edward,Lidl - Trek,74,
514,420,LOUVEL Matis,NSN Cycling Team,74,
515,1336,BONNET Thomas,TotalEnergies,73,
516,602,SYRITSA Gleb,XDS Astana Team,73,
517,387,VAN BAARLE Dylan,Soudal Quick-Step,73,
518,864,MURGUIALDAY Jokin,Euskaltel - Euskadi,73,
519,473,LEONARD Michael,EF Education - EasyPost,72,
520,1272,HOOGENDOORN Roy,Metec - SOLARWATT p/b Mantel,72,
521,786,THIERRY Pierre,TotalEnergies,72,
522,593,ROTA Lorenzo,Lotto Intermarché,71,
523,0,BEISEMBAY Mansur,XDS Astana Development Team,71,
524,485,BERNARD Julien,Lidl - Trek,71,
525,201,GAUDU David,Groupama - FDJ United,71,
526,2359,AVANCINI Henrique da Silva,Localiza Meoo / Swift Pro Cycling,71,
527,453,SAINBAYAR Jambaljamts,Burgos Burpellet BH,70,
528,610,KOISHI Yuma,Kinan Racing Team,70,
529,171,DAINESE Alberto,Soudal Quick-Step,70,
530,690,PŘIDAL Tomáš,Team United Shipping,70,
531,986,CHAMBERLAIN Oscar,Decathlon CMA CGM Team,69,
532,326,VAN UDEN Casper,Team Picnic PostNL,69,
533,884,HESSMANN Michel,Movistar Team,69,
534,875,MUÑOZ Francisco,Team Polti VisitMalta,69,
535,376,PLANCKAERT Edward,Alpecin - Premier Tech,69,
536,407,SHAW James,EF Education - EasyPost,69,
537,1274,ROUFFAER Lars,EEW-VDK Cyclingteam,69,
538,424,BJERG Mikkel,UAE Team Emirates - XRG,69,
539,547,VAN DEN BOSSCHE Fabio,Soudal Quick-Step,68,
540,489,GERMANI Lorenzo,Groupama - FDJ United,68,
541,458,VAN ASBROECK Tom,NSN Cycling Team,68,
542,787,MELLANO Ludovico Maria,XDS Astana Development Team,68,
543,1572,DHONDT Robbe,Team Picnic PostNL,68,
544,1149,WALLENBORN Arno,Team Lotto Kern-Haus Outlet Montabaur,68,
545,160,HOELGAARD Markus,Uno-X Mobility,67,
546,245,NYCH Artem,Anicolor / Campicarn,67,
547,513,BURGAUDEAU Mathieu,TotalEnergies,67,
548,1806,VERBRUGGHE Jens,NSN Development Team,67,
549,881,SENTJENS Sente,Alpecin - Premier Tech,66,
550,711,JUUL-JENSEN Christopher,Team Jayco AlUla,66,
551,504,OLIVEIRA Rui,UAE Team Emirates - XRG,66,
552,720,FRĄTCZAK Radosław,Wibatech Lubelskie Perła Polski,66,
553,517,VERGALLITO Luca,Alpecin - Premier Tech,66,
554,429,EINHORN Itamar,NSN Cycling Team,66,
555,1364,KUERE NOUNAWE Rodrigue Eric,SNH Vélo Club,66,
556,656,MÄRKL Niklas,Team Picnic PostNL,65,
557,804,KLUCKERS Arthur,Tudor Pro Cycling Team,65,
558,702,KOPECKÝ Tomáš,Unibet Rose Rockets,65,
559,312,BREGNHØJ Mathias,Terengganu Cycling Team,65,
560,625,VAN DER LEE Jardi Christiaan,EF Education - EasyPost,65,
561,683,LASTRA Jonathan,Euskaltel - Euskadi,65,
562,549,GEENS Jonas,Alpecin - Premier Tech,65,
563,718,OOMEN Sam,Lidl - Trek,64,
564,239,LØLAND Sakarias Koller,Uno-X Mobility,64,
565,634,DE PESTEL Sander,Decathlon CMA CGM Team,64,
566,192,TRÆEN Torstein,Uno-X Mobility,64,
567,0,THONNON Senne,Team Flanders - Baloise,64,
568,456,VAN DER TUUK Axel,Euskaltel - Euskadi,64,
569,0,LAURYSSEN Yorben,Tarteletto - Isorex,63,
570,930,LAMBRECHT Michiel,Team Flanders - Baloise,63,
571,659,BURATTI Nicolo',MBH Bank CSB Telecom Fort,63,
572,747,AZPARREN Xabier Mikel,Pinarello Q36.5 Pro Cycling Team,63,
573,501,TURCONI Filippo,Bardiani CSF 7 Saber,63,
574,1012,NIELSEN Sebastian,Team ColoQuick,63,
575,1230,WHITEHOUSE Daniel,St George Continental Cycling Team,63,
576,2521,RICHARDS Kane,Roojai Insurance Winspace,63,
577,123,BARRÉ Louis,Team Visma | Lease a Bike,63,
578,763,WALKER Max,EF Education - EasyPost,62,
579,401,LABROSSE Jordan,Decathlon CMA CGM Team,62,
580,295,GLOAG Thomas,Pinarello Q36.5 Pro Cycling Team,62,
581,1335,ZOMERMAAND Jurgen,Development Team Picnic PostNL,62,
582,137,SCHACHMANN Maximilian,Soudal Quick-Step,62,
583,536,BRENES Sebastian,Canel's - Java,62,
584,557,BÉVORT Carl-Frederik,Uno-X Mobility,61,
585,717,LOULERGUE Victor,Groupama-FDJ United CT,61,
586,402,PEDERSEN Rasmus Søjberg,Decathlon CMA CGM Team,61,
587,330,MAGLI Filippo,Bardiani CSF 7 Saber,61,
588,1831,JOHNSTON Calum,Li Ning Star,61,
589,494,HAIG Jack,Netcompany INEOS,60,
590,751,MARSMAN Tim,Alpecin - Premier Tech,60,
591,350,RUTSCH Jonas,Lotto Intermarché,60,
592,618,BARTHE Cyril,Groupama - FDJ United,60,
593,605,RICKAERT Jonas,Alpecin - Premier Tech,60,
594,769,DILLIER Silvan,Alpecin - Premier Tech,60,
595,0,ZEMKE Jermaine,REMBE | rad-net,60,
596,977,KURITS Karl,Lucky Sport Cycling Team,60,
597,990,PRIETO José Juan,,60,
598,509,PEÑUELA Francisco Joel,Caja Rural - Seguros RGA,60,
599,0,OGANDO Jonathan,,60,
600,0,LEAHY Conor,Team Brennan,60,
601,1148,RODRIGUEZ Juan Felipe,EF Education - Aevolo,59,
602,1772,DESTA Amaniel Teweldemedhn,Team Amani,59,
603,830,SAMUDIO Carlos Ariel,Solution Tech NIPPO Rali,59,
604,333,CAPIOT Amaury,Team Jayco AlUla,58,
605,351,BARTA Will,Tudor Pro Cycling Team,58,
606,1507,MAŁECKI Kamil,Pinarello Q36.5 Pro Cycling Team,58,
607,641,OTRUBA Jakub,Caja Rural - Seguros RGA,58,
608,0,WALSH Finn,CCACHE x BODYWRAP,58,
609,275,BARGUIL Warren,Team Picnic PostNL,58,
610,337,LIVYNS Arjen,XDS Astana Team,57,
611,647,MULLEN Ryan,NSN Cycling Team,57,
612,842,KIRSCH Alex,Cofidis,57,
613,1049,BOUWMAN Koen,Team Jayco AlUla,57,
614,304,BUCHMANN Emanuel,Cofidis,57,
615,644,MOSCA Jacopo,Lidl - Trek,56,
616,1001,BRUTTOMESSO Alberto,Bahrain - Victorious,56,
617,929,BEULLENS Cedric,Lotto Intermarché,56,
618,1305,PERSICO Davide,MBH Bank CSB Telecom Fort,56,
619,682,MIKUTIS Aivaras,Tudor Pro Cycling Team,56,
620,728,HOPKINS Kaden,Atom 6 Bikes - Cycleur de Luxe - Auto Stroo Team,56,
621,1002,AUGÉ Ronan,Unibet Rose Rockets,56,
622,643,CRAPS Lars,Lotto Intermarché,56,Joe
623,476,GHEBREIGZABHIER Amanuel,Lidl - Trek,55,
624,760,DURBRIDGE Luke,Team Jayco AlUla,55,
625,2391,REX Tim,Team Visma | Lease a Bike,55,
626,1087,KIM Euro,LX Cycling Team,55,
627,0,PAPON Victor,Nice Métropole Côte d'Azur,55,
628,1795,LORELLO Riccardo,S.C. Padovani Polo Cherry Bank,55,
629,1115,ROJAS Vicente,Bardiani CSF 7 Saber,55,
630,2406,MARTINSEN Toralf Rydningen,Team Drali - Repsol,55,
631,1461,VAN ZANDEN Otto,Azerion / Villa Valkenburg,55,
632,411,IRIBAR Unai,Equipo Kern Pharma,55,
633,2476,WARD Jack,Lidl - Trek Future Racing,55,
634,663,NIYONKURU Samuel,Team Amani,54,
635,891,VANDENABEELE Henri,Team Flanders - Baloise,54,
636,1996,DAUMAS Rémi,Groupama-FDJ United CT,54,
637,292,LÓPEZ Juan Pedro,Movistar Team,54,
638,393,ZIJLAARD Maikel,Tudor Pro Cycling Team,53,
639,611,REINDERINK Pepijn,Soudal Quick-Step,53,
640,847,KRIJNSEN Jelte,Team Jayco AlUla,53,
641,2490,TARAKÇI Mustafa,Konya Büyükşehir Belediye Spor,53,
642,889,MARIVOET Duarte,Lotto - Groupe Wanty,53,
643,893,ALMUTAIWEI Mohammad,UAE Team Emirates Gen Z,52,
644,464,SCOTSON Callum,Decathlon CMA CGM Team,52,
645,649,DE VRIES Hartthijs,Unibet Rose Rockets,52,
646,570,MACIEJUK Filip,Movistar Team,52,
647,0,JACKOWIAK Jan Michal,Bahrain Victorious Development Team,52,
648,1120,PEDERSEN Henrik,Uno-X Mobility,52,
649,1891,MUÑOZ Hodei,Soudal Quick-Step Devo Team,51,
650,180,HONORÉ Mikkel Frølich,EF Education - EasyPost,51,
651,1238,SANLAVILLE Mathias,CIC Pro Cycling Academy,51,
652,1233,DEWEIRDT Siebe,Team Flanders - Baloise,51,
653,364,ROLLAND Brieuc,Groupama - FDJ United,51,
654,0,HÉBERT Théo,Vendée U Primeo Energie,51,
655,620,BUDIAK Anatolii,,51,
656,673,PĘKALA Piotr,ATT Investments,51,
657,677,BOUGLAS Georgios,Burgos Burpellet BH,50,
658,422,CONCI Nicola,XDS Astana Team,50,
659,1530,SUTTON Louis,Euskaltel - Euskadi,50,
660,729,SCHULTZ Nick,NSN Cycling Team,50,
661,773,MIHOLJEVIĆ Fran,Bahrain - Victorious,50,
662,448,SMITH Dion,NSN Cycling Team,50,
663,896,SOENENS Viktor,Soudal Quick-Step Devo Team,50,
664,1006,SÉNÉCHAL Florian,Alpecin - Premier Tech,50,
665,661,GRADEK Kamil,Bahrain - Victorious,50,
666,1168,MARTINELLI Alessio,Bardiani CSF 7 Saber,50,
667,457,KENCH Josh,Groupama - FDJ United,50,
668,993,RAFFERTY Adam,Hagens Berman Jayco,50,
669,616,RAISBERG Nadav,NSN Cycling Team,49,
670,495,WARBASSE Larry,Tudor Pro Cycling Team,49,
671,0,BOLDYREV Matvei,UAE Team Emirates Gen Z,49,
672,1119,MARIS Elias,Team Flanders - Baloise,49,
673,684,REMIJN Senna,Alpecin - Premier Tech,49,
674,0,MIKAYILZADE Musa,,49,
675,933,SILVA Pedro,Feira dos Sofás - Boavista,49,
676,477,SANDER HANSEN Marcus,BHS - PL Beton Bornholm,49,
677,837,MILTIADIS Andreas,Quick Pro Team,48,
678,359,VAN HEMELEN Vincent,Team Flanders - Baloise,48,
679,845,VANHOOF Ward,Team Flanders - Baloise,48,
680,640,DE CASSAN Davide,General Store - Essegibi - F.Lli Curia,48,
681,908,SERRANO Javier,Team Polti VisitMalta,48,
682,983,EEMAN Kamiel,Lotto - Groupe Wanty,48,
683,664,WALSH Liam,CCACHE x BODYWRAP,47,
684,68,SIVAKOV Pavel,UAE Team Emirates - XRG,47,
685,63,LÓPEZ Harold Martín,XDS Astana Team,47,
686,1309,POLLEFLIET Gianluca,Decathlon CMA CGM Team,47,
687,1196,VANHUFFEL Matteo,Development Team Picnic PostNL,47,
688,839,NEGRENTE Mattia,XDS Astana Development Team,47,
689,460,VAHTRA Norman,China Anta - Mentech Cycling Team,47,
690,1533,GUDNITZ Joshua,Team ColoQuick,47,
691,782,FAURA José Luis,Burgos Burpellet BH,46,
692,186,HAYTER Ethan,Soudal Quick-Step,46,
693,694,DINA Márton,MBH Bank CSB Telecom Fort,46,
694,270,CRAS Steff,Soudal Quick-Step,46,
695,813,RAMÍREZ Mateo,UAE Team Emirates Gen Z,46,
696,1571,VAN BEKKUM Darren,XDS Astana Team,45,
697,269,KONRAD Patrick,Lidl - Trek,45,
698,1468,GOGL Michael,Alpecin - Premier Tech,45,
699,0,YU Yuanfeng,China Anta - Mentech Cycling Team,45,
700,863,KOLZE CHANGIZI Sebastian,Tudor Pro Cycling Team,45,
701,248,KIELICH Timo,Team Visma | Lease a Bike,45,
702,740,BAYER Tobias,Alpecin - Premier Tech,45,
703,569,LANHOVE Milan,Team Flanders - Baloise,45,
704,1290,SVRČEK Martin,Soudal Quick-Step,45,
705,1457,AVONDTS Mathis,Azerion / Villa Valkenburg,45,
706,622,HENNEQUIN Paul,Euskaltel - Euskadi,45,
707,1518,FRAYRE Eder,L39ION of Los Angeles,45,
708,672,NEUMAN Dominik,ATT Investments,45,
709,1121,GONZALEZ Jyven,L39ION of Los Angeles,45,
710,512,HAMZA Yacine,Madar Pro Cycling Team,45,
711,2164,MONTI Alberto,ATT Investments,45,
712,671,HEREMANS Joppe,Van Rysel Roubaix,44,
713,1009,GIDDINGS Joshua,Lotto Intermarché,44,
714,1246,CHU Tsun Wai,HKSI Pro Cycling Team,44,
715,585,HERZOG Emil,Red Bull - BORA - hansgrohe,44,
716,0,RUIZ Sebastian,,44,
717,0,KONINGS Roan,Metec - SOLARWATT p/b Mantel,44,
718,232,STEWART Jake,NSN Cycling Team,43,
719,1642,IACOMONI Federico,Team UKYO,43,
720,665,VADER Milan,Pinarello Q36.5 Pro Cycling Team,43,
721,1076,KONIJN Alexander,Nice Métropole Côte d'Azur,43,
722,1660,DARBELLAY Valentin,Elite Fondations Cycling Team,43,
723,0,STIANSEN Jesper,Tudor Pro Cycling Team U23,43,
724,1418,GIMENO Nil,Equipo Kern Pharma,43,
725,836,NARRAWAY Nicholas,Competitive Edge Racing,43,
726,800,STOSZ Patryk,Voster Team,43,
727,474,CAMARGO Diego Andrés,Team Medellín - EPM,43,
728,577,O'BRIEN Kelland,Team Jayco AlUla,42,
729,543,TORRES Pablo,UAE Team Emirates - XRG,42,
730,1689,MERIS Sergio,Unibet Rose Rockets,42,
731,1254,ROGERS Cameron,INEOS Grenadiers Racing Academy,42,
732,2167,BESSEGA Tommaso,Team Polti VisitMalta,42,
733,1701,KÄLLBERG Axel,Lucky Sport Cycling Team,42,
734,969,BAX Sjoerd,Pinarello Q36.5 Pro Cycling Team,42,
735,318,TAARAMÄE Rein,Kinan Racing Team,41,
736,554,NOVÁK Pavel,Movistar Team,41,
737,603,CONSONNI Simone,Lidl - Trek,41,
738,1665,NENCINI Tommaso,Solution Tech NIPPO Rali,41,
739,564,APARICIO Mario,Burgos Burpellet BH,41,
740,1162,ØXENBERG Peter,Netcompany INEOS,41,
741,0,BARRY Ashlin,Team Visma | Lease a Bike Development,41,
742,923,RAPP Jonas,FNIX - SCOM - Hengxiang Cycling Team,41,
743,0,WAITES Thomas,Koninklijke VC 't Meetjesland,41,
744,594,LEEMREIZE Gijs,Team Picnic PostNL,41,
745,384,MAYER Alexandre,Burgos Burpellet BH,41,
746,713,RESELL Erik Nordsæter,Uno-X Mobility,40,
747,311,HOWSON Damien,Pinarello Q36.5 Pro Cycling Team,40,
748,1458,MATTIO Pietro,Team Visma | Lease a Bike,40,
749,753,RAFFERTY Darren,EF Education - EasyPost,40,
750,378,GENIETS Kevin,Groupama - FDJ United,40,
751,666,SYELHAN Muhammad,ASC Monsters Indonesia,40,
752,858,NABERMAN Tim,Team Picnic PostNL,40,
753,651,DOULL Owain,Team Visma | Lease a Bike,40,
754,915,FINKŠT Tilen,Solution Tech NIPPO Rali,40,
755,1324,ŠTAJNAR Mihael,Pogi Team Gusto Ljubljana,40,
756,396,HODEG Álvaro José,Team Medellín - EPM,40,
757,726,BOULAHOITE Rayan,TotalEnergies,40,
758,129,LANDA Mikel,Soudal Quick-Step,40,
759,1190,MASCIARELLI Lorenzo,MBH Bank CSB Telecom Fort,40,
760,0,FOFONOV Artëm,XDS Astana Development Team,40,
761,0,COSTA Fábio,Feira dos Sofás - Boavista,40,
762,617,THORNLEY Callum,Red Bull - BORA - hansgrohe,39,
763,795,SKERL Daniel,Bahrain - Victorious,39,
764,1493,PRIETO José Antonio,,39,
765,96,CHRISTEN Fabio,Pinarello Q36.5 Pro Cycling Team,39,
766,373,KÄMNA Lennard,Lidl - Trek,39,
767,735,GONZÁLEZ Roberto Carlos,Solution Tech NIPPO Rali,39,
768,0,BOLLE Bert,VolkerWessels Cycling Team,39,
769,1180,TAMM Lauri,Charvieu Chavagneux Isère Cyclisme,39,
770,150,NYS Thibau,Lidl - Trek,39,Mike
771,0,SHNYRKO Aliaksei,Li Ning Star,38,
772,437,BAIS Davide,Team Polti VisitMalta,38,
773,914,WEISS Fabian,Tudor Pro Cycling Team,38,
774,1650,TODOME Yuhi,Aisan Racing Team,38,
775,588,PONOMAR Andrii,,38,
776,511,PETER Jannis,Unibet Rose Rockets,38,
777,529,PICKRELL Riley,Modern Adventure Pro Cycling,38,
778,689,HESTERS Jules,Team Flanders - Baloise,38,
779,0,DIJKMAN Daan,UAE Team Emirates Gen Z,38,
780,807,KACZMAREK Jakub,Voster Team,38,
781,1567,VAN BELLE Loe,Team Visma | Lease a Bike,38,
782,1139,DINHAM Matthew,Team Picnic PostNL,37,
783,556,SCHRETTL Marco,XDS Astana Team,37,
784,743,SERRANO Gonzalo,Movistar Team,37,
785,957,MACKELLAR Alastair,EF Education - EasyPost,37,
786,382,PITA Cristian David,Roojai Insurance Winspace,37,
787,506,CHRISTOPHERSEN Cedrik Bakke,Unibet Rose Rockets,37,
788,423,CÔTÉ Pier-André,NSN Cycling Team,37,
789,1220,DUNWOODY Seth,Bahrain Victorious Development Team,37,
790,1014,VAN TRICHT Stan,Soudal Quick-Step Devo Team,37,
791,801,REIS Rafael,Anicolor / Campicarn,37,
792,1653,MALMBERG Matias,Swatt Club,37,
793,1245,KUKRLE Michael,Kasper crypto4me,37,
794,802,CHAMPION Thomas,St Michel - Preference Home - Auber93,37,
795,1075,HENAO Sergio,Nu Colombia,37,
796,615,DALBY Simon,Uno-X Mobility,37,
797,910,PRICE-PEJTERSEN Johan,Alpecin - Premier Tech,37,
798,1860,MOURIS Wessel,Unibet Rose Rockets,36,
799,862,KHADBAATAR Temuulen,Roojai Insurance Winspace,36,
800,1389,XUE Ming,Li Ning Star,36,
801,1392,TAKHIROV Diyor,7 Saber Uzbekistan Cycling Team,36,
802,840,QUINTANA Hector Exequiel,Plus Performance - ZEO Sport,36,
803,825,VÉLEZ Cristian Damián,Team Sistecredito,36,
804,0,D'AIUTO Filippo,General Store - Essegibi - F.Lli Curia,36,
805,931,MARCHAND Gianni,Tarteletto - Isorex,36,
806,999,POMORSKI Michał,ATT Investments,36,
807,828,PORTER Rudy,Team Jayco AlUla,35,
808,902,FELDMANN Karsten Larsen,Unibet Rose Rockets,35,
809,1061,TU Sergio,Astemo Utsunomiya Blitzen,35,
810,1205,NG Pak Hang,HKSI Pro Cycling Team,35,
811,762,PAASSCHENS Mathijs,Bahrain - Victorious,35,
812,636,GRIGNARD Sébastien,Lotto Intermarché,35,
813,976,BOCK Max,Red Bull - BORA - hansgrohe Rookies,35,
814,584,RACCANI Simone,Team UKYO,35,
815,1671,METZGER Gabriel,ACRS Cycling Team,35,
816,146,LANGELLOTTI Victor,Netcompany INEOS,35,
817,286,MAIRE Adrien,Unibet Rose Rockets,35,
818,631,HELLEMOSE Asbjørn,Team Jayco AlUla,35,
819,1385,STOJNIĆ Veljko,Team United Shipping,35,
820,1003,ASSAL Mohamed Nadjib,Madar Pro Cycling Team,35,
821,441,GUERNALEC Thibault,TotalEnergies,35,
822,225,MAYRHOFER Marius,Tudor Pro Cycling Team,35,
823,1203,ABREU Jorge,Fina Arroz CES Multimarcas Bancamiga,34,
824,744,LOZOUET Léandre,CIC Pro Cycling Academy,34,
825,0,CISNEROS Jose Said,Soudal Quick-Step Devo Team,34,
826,254,BARONCINI Filippo,UAE Team Emirates - XRG,34,
827,0,BAUDRY Julian,Team Brennan,34,
828,1085,ABAY Burak,Konya Büyükşehir Belediye Spor,34,
829,1400,ANTONENKO Heorhii,Energus Cycling Team,34,
830,0,ZÜGER Andrin,Run & Race - Solarpur,34,
831,936,CRETTI Luca,MBH Bank CSB Telecom Fort,34,
832,0,BURNS Luke,Victoire Hiroshima,34,
833,1820,MÉNDEZ Arlex José,Alicanto Consulting G Kino Tachira,33,
834,965,BOWER Lewis,Groupama - FDJ United,33,
835,0,MULUGETA Yafiet,,33,
836,1825,WANG Gustav,XDS Astana Development Team,33,Joe
837,1156,CONFORTI Lorenzo,Bardiani CSF 7 Saber,33,
838,1142,MILAN Matteo,Groupama - FDJ United,33,
839,0,BOUQUET Axel,St Michel - Preference Home - Auber93,33,
840,375,DE PRETTO Davide,Team Jayco AlUla,33,
841,1077,GEORGE Alfred,Elite Fondations Cycling Team,33,
842,0,VITTINGHUS STOKBRO Sylvester,AIRTOX - Carl Ras,33,
843,451,GACHIGNARD Thomas,TotalEnergies,33,
844,0,KROONEN Max,BEAT CC p/b Saxo,33,
845,2466,MAULANA Astnan,Nusantara Cycling Team,32,
846,998,PROĆ Bartłomiej,Wibatech Lubelskie Perła Polski,32,
847,499,PRADES Benjamín,VC Fukuoka,32,
848,761,ERMAKOV Roman,Bahrain - Victorious,32,
849,1154,CARSTENSEN Lucas,Kinan Racing Team,32,
850,1713,ARRIGHETTI Nicolo',General Store - Essegibi - F.Lli Curia,32,
851,255,DE PLUS Laurens,Netcompany INEOS,32,
852,1108,REEMEIJER Niels,Wielerploeg Groot Amsterdam,32,
853,888,HERREÑO Martin Santiago,Bardiani CSF 7 Saber,32,
854,1475,DELLE VEDOVE Alessio,XDS Astana Development Team,31,
855,1086,BÉNÉTEAU Lucas,St Michel - Preference Home - Auber93,31,
856,926,ROYAN Muhammad Andy,Nusantara Cycling Team,31,
857,1155,KAM Chin Pok,China Anta - Mentech Cycling Team,31,
858,849,MEZGEC Luka,Team Jayco AlUla,31,
859,1537,NEAVES Jadian,,31,
860,0,BARRILLOT Bohémond,AVC Aix Provence Dole,31,
861,0,GUAVITA Cesar David,Best PC Ecuador,31,
862,997,ROWE Elliot,Team Visma | Lease a Bike Development,31,
863,1842,GODFROID Olivier,Baloise Verzekeringen - Het Poetsbureau Lions,31,
864,2446,RAGILO Frank Aron,Lucky Sport Cycling Team,31,
865,803,THOMPSON Reuben,Lotto Intermarché,30,
866,944,INGEBRIGTSEN Storm,Uno-X Mobility,30,
867,722,HAMILTON Lucas,Netcompany INEOS,30,
868,1737,CHIKWAKA Andrew,,30,
869,1008,TONELLI Alessandro,Team Polti VisitMalta,30,
870,1039,BASTIAENS Ayco,Soudal Quick-Step,30,
871,435,ALLEGAERT Piet,Cofidis,30,
872,1114,KOECH Silas,Team Lotto Kern-Haus Outlet Montabaur,30,
873,0,BRADÁČ Adam,Factor Racing,30,
874,771,BLUME LEVY William,Uno-X Mobility,30,
875,942,TAROZZI Manuele,Bardiani CSF 7 Saber,30,
876,764,SUNEKÆR NORSGAARD Mathias,Lidl - Trek,30,
877,1145,BOMFIM DE ALMEIDA Luiz Fernando,Localiza Meoo / Swift Pro Cycling,30,
878,298,STAUNE-MITTET Johannes,Decathlon CMA CGM Team,30,
879,1045,HAUG Kieran,Modern Adventure Pro Cycling,30,
880,1165,DONZÉ Robin,Tudor Pro Cycling Team,30,
881,1143,LANDBO Mads,Team ColoQuick,30,
882,810,HUISING Menno,Team Visma | Lease a Bike,30,
883,471,TSISHKOU Raman,Li Ning Star,30,
884,268,ROCHAS Rémy,Groupama - FDJ United,30,
885,1291,JÓNSSON Davíð,Team Cranks,30,
886,0,SIMSON Jorryn,,30,
887,0,ALPHONSE Denver,,30,
888,0,ȘEREMET Ilie,,30,
889,1398,BODDEN Christopher,,30,
890,1053,NUHA Blerton,CLN - Kosova,30,
891,1614,WHITTAKER Alexander,,30,
892,900,MENÉNDEZ Héctor,,30,
893,1299,ANTROBUS Lucky,,30,
894,1512,ENKHTAIVAN Bolor-erdene,Huansheng - Vonoa - Taishan Sport Team,30,
895,166,TSARENKO Kyrylo,Solution Tech NIPPO Rali,30,
896,0,SOARES Eliezer,,30,
897,1345,KELEMEN Petr,Tudor Pro Cycling Team,29,
898,1224,DOLVEN Halvor,Lotto - Groupe Wanty,29,
899,1742,ZAMPERINI Edoardo,Cofidis,29,
900,792,PARISINI Nicolo',Pinarello Q36.5 Pro Cycling Team,29,
901,465,CUYLITS Mauro,Lotto - Groupe Wanty,29,
902,609,MINTEGI Iker,Euskaltel - Euskadi,29,
903,0,DEPE Serdar Anıl,Spor Toto Cycling Team,29,
904,1216,GIAIMI Luca,UAE Team Emirates - XRG,28,
905,0,BOBOSHEROV Farrukh,7 Saber Uzbekistan Cycling Team,28,
906,1334,VAN GILS Lucas,Lotto - Groupe Wanty,28,
907,572,VADIC Baptiste,TotalEnergies,28,
908,911,TAILLIEU Aldo,Team Visma | Lease a Bike Development,28,
909,2046,ARSAC Rémi,Decathlon CMA CGM Development Team,28,
910,917,HAVERDINGS David,Alpecin-Premier Tech Development Team,28,
911,0,REES Brent,,28,
912,1892,VERMOOTE Jelle,Tarteletto - Isorex,28,
913,0,VAN DE PUTTE Victor,Lotto - Groupe Wanty,28,
914,687,WRIGHT Paul,Modern Adventure Pro Cycling,28,
915,0,ROMEO Sergio,Equipo Kern Pharma,28,
916,885,KYFFIN Zeb,Terengganu Cycling Team,27,
917,716,VERVENNE Jonathan,Soudal Quick-Step,27,
918,1159,PATTINSON Tomos,EF Education - Aevolo,27,
919,600,NØRTOFT Morten Aalling,Team ColoQuick,27,
920,1497,JEAN Victor,Elite Fondations Cycling Team,27,
921,877,GARCÍA PIERNA Carlos,Burgos Burpellet BH,27,
922,596,HOULE Hugo,Alpecin - Premier Tech,27,
923,1748,RIZQI Dimas Nur Fadhil,Jakarta Pro Cycling Team,27,
924,1502,GAUTHIER Jérôme,Project Echelon Racing,27,
925,360,KUDUS Merhawi,Burgos Burpellet BH,26,
926,667,URIARTE Diego,Equipo Kern Pharma,26,
927,552,VANHOUCKE Harm,Pinarello Q36.5 Pro Cycling Team,26,
928,959,BOUCHARD Geoffrey,TotalEnergies,26,
929,0,ALHAMMADI Ali Eissa,,26,
930,381,MARTINEZ Juan Guillermo,Team Picnic PostNL,26,
931,791,ZOCCARATO Samuele,MBH Bank CSB Telecom Fort,26,
932,975,O'BRIEN Liam,Lidl - Trek Future Racing,26,
933,903,ROSENLUND Stian,AIRTOX - Carl Ras,26,
934,961,D'AMATO Andrea,Team UKYO,26,
935,988,WILLIAMS Cory,L39ION of Los Angeles,26,
936,1957,QUAEDVLIEG Lars,Universe Cycling Team,26,
937,897,BORREMANS Kasper,Bahrain Victorious Development Team,26,
938,0,GAL Ryan,Metec - SOLARWATT p/b Mantel,26,
939,2124,RIŠKA Richard,Hrinkow Advarics,26,
940,982,KAJAMINI Florian Samuel,XDS Astana Team,25,
941,391,SWIFT Ben,Netcompany INEOS,25,
942,819,MORO Manlio,Movistar Team,25,
943,1027,ØRN-KRISTOFF Felix,Lotto Intermarché,25,
944,1171,IMAMURA Shunsuke,Lotto - Groupe Wanty,25,
945,774,VAN SINTMAARTENSDIJK Roel,Lotto Intermarché,25,
946,814,DELACROIX Théo,St Michel - Preference Home - Auber93,25,
947,1720,ASCONEGUY Roderyck,Dolores Cycles Club,25,
948,0,PODLUZHNYY Mikhail,XDS Astana Development Team,25,
949,1167,YILMAZ Ramazan,Konya Büyükşehir Belediye Spor,25,
950,1042,KRUIJSWIJK Steven,Team Visma | Lease a Bike,25,
951,1383,GONZALES Freddy,,25,
952,442,LAMPAERT Yves,Soudal Quick-Step,25,
953,1266,FRISON Frederik,Pinarello Q36.5 Pro Cycling Team,25,
954,1747,HLADY Gavin,EF Education - Aevolo,25,
955,349,ZWIEHOFF Ben,Red Bull - BORA - hansgrohe,25,
956,1355,FAURE PROST Alexy,Team Picnic PostNL,25,
957,1575,NAVAS Kevin,Best PC Ecuador,25,
958,1576,SANCHO José Pablo,Colono Bikestation Kölbi,25,
959,947,MENDES Diego De Jesus,,25,
960,480,COLNAGHI Luca,Bardiani CSF 7 Saber,25,
961,1187,CHAVARRIA Derrick,China Chermin Cycling Team,25,
962,0,CAMPBELL Max,CCACHE x BODYWRAP,25,
963,521,LIENHARD Fabian,Tudor Pro Cycling Team,25,
964,0,HALDIMANN Guillaume,Humard VP,25,
965,1320,BUCK JONES Huw,Bourg-en-Bresse Ain Cyclisme,25,
966,1158,PAWLAK Tobiasz,ATT Investments,25,
967,0,SLESARENKO Ilya,Biesse - Carrera - Premac,25,
968,953,RODRÍGUEZ Brandon Ulises,,25,
969,1850,WOODS Tariq,,25,
970,1443,LAZAREVIĆ Miloš,,25,
971,597,SCHWARZBACHER Matthias,EF Education - EasyPost,24,
972,714,SIMMONS Colby,EF Education - EasyPost,24,
973,857,VAN LERBERGHE Bert,Soudal Quick-Step,24,
974,907,HOUCOU Emmanuel,Pinarello Q36.5 Pro Cycling Team,24,
975,484,BATSAIKHAN Tegshbayar,Roojai Insurance Winspace,24,
976,323,DUNBAR Eddie,Pinarello Q36.5 Pro Cycling Team,24,
977,541,BRUNEL Alexys,TotalEnergies,24,
978,267,MONIQUET Sylvain,Cofidis,24,
979,1084,AMBROSSI Facundo Nicolás,,24,
980,0,NOVÁK Samuel,Tirol KTM Cycling Team,24,
981,1367,RUIZ Robinson Steven,,24,
982,2378,HUE Antoine,,24,
983,559,GUTIÉRREZ Jorge,Equipo Kern Pharma,24,
984,703,ARCHIBOLD Franklin,,24,
985,946,RAMÍREZ Donovan,Colono Bikestation Kölbi,24,
986,1273,ZABELINSKIY Bogdan,Aarco,24,
987,994,ZOIDL Riccardo,Hrinkow Advarics,24,
988,2343,CHARROIS Leo,Embrace The World,24,
989,1113,KUYPERS Gerben,Pauwels Sauzen - Altez Industriebouw Cycling Team,24,
990,0,CRUZ Edward,Bardiani CSF 7 Saber,24,
991,0,MÉNDEZ Diego Alejandro,Lotería del Táchira Servitel,23,
992,0,BALLERSTEDT Maurice,Alpecin - Premier Tech,23,
993,2315,MAINGUENAUD Tom,Nice Métropole Côte d'Azur,23,
994,1259,LIM Nash,Factor Racing,23,
995,0,DE CLERCQ Mathijs,Soudal Quick-Step Devo Team,23,
996,1248,MUHOZA Eric,Team Amani,23,
997,1313,ARRIOLABENGOA Julen,Caja Rural - Seguros RGA,23,
998,0,BENITO Adrián,Team Polti VisitMalta,23,
999,1010,ROTTMANN Jonathan Malte,Team Lotto Kern-Haus Outlet Montabaur,23,
1000,425,LEROUX Samuel,TotalEnergies,23,
1001,0,PROCTOR-PARKER Dylan,,23,
1002,1491,CATTANI Alessandro,Team Technipes #inEmiliaRomagna Caffè Borbone,23,
1003,1594,DELGADO David,Quick Pro Team,23,
1004,1325,EL KOURAJI Mohcine,,23,
1005,0,FERREIRA DE MELO Alex,Andbank Cycling Team,23,
1006,799,GUGLIELMI Simon,St Michel - Preference Home - Auber93,23,
1007,491,HUBY Antoine,7Eleven Cliqq Roadbike Philippines,23,
1008,1476,SAIDI Nassim,Madar Pro Cycling Team,23,
1009,1477,ROJAS Brandon Alejandro,GW Erco SportFitness,22,
1010,894,TAMINIAUX Lionel,Lotto Intermarché,22,
1011,680,PALENI Enzo,Groupama - FDJ United,22,
1012,523,KEPPLINGER Rainer,Bahrain - Victorious,22,
1013,1281,FREYER Martin,,22,
1014,470,JANSE VAN RENSBURG Reinardt,Tshenolo Pro Cycling Team,22,
1015,1199,MOYATA Eduardo,Pío Rico Cycling Team,22,
1016,973,REMKHI Rudolf,Muğla Büyükşehir Belediyesi Spor Kulübü,22,
1017,0,MILOSTIC Lindon,St George Continental Cycling Team,22,
1018,1710,DEL PINO Jesus,Aviludo - Louletano - Loulé,22,
1019,927,MASENGESHO Vainqueur,Benediction Banafrica Team,22,
1020,0,DAHL Gustav Frederik,Team Give Steel,22,
1021,0,LOVIDIUS Gustav,Svealand Cycling Team,22,
1022,1173,KLOPPENBORG Lukas Sulaj,Sidi Ali - Unlock Sports Team,22,
1023,2070,KIMANI Wangai Evan,,22,
1024,0,DIALLO Tiémoko,,22,
1025,1846,JOYA José Dagoberto,Pegasus Premier Texas,22,
1026,1181,ROSSI João Pedro,Localiza Meoo / Swift Pro Cycling,22,
1027,920,ABU HARRAH Majid,,22,
1028,0,HUTCHINSON Liam,,22,
1029,0,PIRAS Andrea,Solution Tech NIPPO Rali,21,
1030,0,GIULIANO Dario,Team Polti VisitMalta,21,
1031,660,NOVAK Domen,UAE Team Emirates - XRG,21,
1032,0,FLÓREZ Samuel,Modern Adventure Pro Cycling,21,
1033,1437,GIANNOUTSOS Miltiadis,,21,
1034,0,CARVALHO Gonçalo,Tavfer-Ovos Matinados-Mortágua,21,
1035,497,WALLS Matthew,Team Storck - MRW Bau,21,
1036,1492,TAKÁCS Zsombor,MBH Bank CSB Telecom Fort,21,
1037,1311,NESPOLI Lorenzo,MBH Bank CSB Telecom Fort,20,
1038,578,KNOX James,Team Picnic PostNL,20,
1039,1157,PEACE Oliver,Team Picnic PostNL,20,
1040,731,DRIZNERS Jarrad,Red Bull - BORA - hansgrohe,20,
1041,1876,URIANSTAD BUGGE Martin,Uno-X Mobility,20,
1042,168,KÜNG Stefan,Tudor Pro Cycling Team,20,
1043,1343,HVIDEBERG Jonas Hem,Uno-X Mobility,20,
1044,870,VILLA Giacomo,Biesse - Carrera - Premac,20,
1045,0,QU Chengjun,,20,
1046,1454,WU Chun Yin,HKSI Pro Cycling Team,20,
1047,1501,TENDON Arnaud,Van Rysel Roubaix,20,
1048,928,VERCOUILLIE Victor,Team Flanders - Baloise,20,
1049,0,EGHOLM Kristian,Lidl - Trek Future Racing,20,
1050,0,BUDA Simone,Solme - Olmo - Arvedi,20,
1051,1487,PUTZ Sebastian,Red Bull - BORA - hansgrohe Rookies,20,
1052,1213,ARCAS Jorge,Movistar Team,20,
1053,958,OURSELIN Paul,Cofidis,20,
1054,1346,ERIKSSON Jacob,Tudor Pro Cycling Team,20,
1055,2053,DOMÍNGUEZ David,Feira dos Sofás - Boavista,20,
1056,1175,GONZÁLEZ Abner,Feirense - Beeceler,20,
1057,1078,VERGAERDE Otto,Lidl - Trek,20,
1058,1081,BOGDANOVIČS Māris,FNIX - SCOM - Hengxiang Cycling Team,20,
1059,0,ROY Léo,Team Vittel N'side,20,
1060,1284,HEFFERNAN William,CCACHE x BODYWRAP,20,
1061,0,TÓTH Márkó,Team United Shipping,20,
1062,633,MAAS Jan,Cofidis,20,
1063,843,AMARI Hamza,Madar Pro Cycling Team,20,
1064,0,LAYRAC Gabriel,AVC Aix Provence Dole,20,
1065,0,SCHEMPP Oscar,BIKE AID,20,
1066,0,TORRES Jaime,UAE Team Emirates Gen Z,20,
1067,1179,NUNES Hugo,Credibom / LA Alumínios / Marcos Car,20,
1068,1904,DE BRUYCKERE Kay,,20,
1069,0,SHERRY Gavin,,20,
1070,868,KAMZONG Clovis,SNH Vélo Club,20,
1071,1191,HOFBAUER Philipp,Team Vorarlberg,20,
1072,1845,LIM BING YI Eamon,,20,
1073,39,POWLESS Neilson,EF Education - EasyPost,20,Dave
1074,1118,DESAL Ceriel,Soudal Quick-Step Devo Team,19,
1075,379,ARASHIRO Yukiya,Solution Tech NIPPO Rali,19,
1076,508,BYSTRØM Sven Erik,Uno-X Mobility,19,
1077,2297,ARAMAYO Jose Manuel,Pío Rico Cycling Team,19,
1078,0,QUIROZ Tomas,Plus Performance - ZEO Sport,19,
1079,1465,KAMBERAJ Valentino,Team Skyline,19,
1080,1066,ISASA Xabier,Euskaltel - Euskadi,19,
1081,637,LINAREZ Leangel Rubén,Tavfer-Ovos Matinados-Mortágua,19,
1082,831,JOALLAND Yaël,Cofidis,19,
1083,796,KHALMURATOV Muradjan,7 Saber Uzbekistan Cycling Team,19,
1084,1242,PIRA Yesid Albeiro,Hino One La Red Suzuki,19,
1085,932,SAVINO Federico,Soudal Quick-Step Devo Team,19,
1086,756,BANASZEK Norbert,ATT Investments,19,
1087,2198,PLACE Maxence,Aarco,19,
1088,1016,MORALES Christopher,Supermercados Froiz,19,
1089,0,KHOURI Simon,,19,
1090,0,NEVES José,GI Group Holding - Simoldes - UDO,19,
1091,1215,CAPRA Thomas,Bahrain Victorious Development Team,18,
1092,550,CONTRERAS Rodrigo,Nu Colombia,18,
1093,0,BAHODIROV Behzod,7 Saber Uzbekistan Cycling Team,18,
1094,1674,SCHOOFS Jasper,Soudal Quick-Step Devo Team,18,
1095,419,MATTHEIS Oliver,BIKE AID,18,
1096,1125,BOULET Eliott,Groupama-FDJ United CT,18,
1097,1043,PIETROBON Andrea,Team Polti VisitMalta,18,
1098,1405,MARTE Jesus Roniel,,18,
1099,901,ROJAS Gabriel Francisco,,18,
1100,452,RASCH Jesper,China Anta - Mentech Cycling Team,18,
1101,0,BAMBAGIONI Tommaso,Team Technipes #inEmiliaRomagna Caffè Borbone,18,
1102,0,HAYASHIBARA Shoma,Shimano Racing Team,18,
1103,985,VAN HAUTEGEM Leander,Team Flanders - Baloise,18,
1104,0,TUMINELLO Christian,COBRA9 x Leigh Surveyors,18,
1105,0,DE KEERSMAEKER Mathias,Lotto - Groupe Wanty,18,
1106,1237,GALIMBERTI Lorenzo,Swatt Club,18,
1107,1079,GUÉGAN Maël,CIC Pro Cycling Academy,18,
1108,1504,YAMEOGO Saturnin,,18,
1109,1021,DE COMARMOND Aurelien,The Joyrun & Hurricane Cycling Team,18,
1110,1321,RETEGI Mikel,Equipo Kern Pharma,17,
1111,2175,SIBANDA Mthokozisi,,17,
1112,1030,PEÑA Wilson Estiben,Team Sistecredito,17,
1113,737,STEWART Mark,Modern Adventure Pro Cycling,17,
1114,0,TARLING Finlay,NSN Development Team,17,
1115,812,YEMANE Even,BIKE AID,17,
1116,1724,SAMBINELLO Enea,UAE Team Emirates Gen Z,17,
1117,1096,RASENBERG Martijn,Unibet Rose Rockets,17,
1118,2109,SOMMER Jan,Elite Fondations Cycling Team,17,
1119,2525,BAEZA Cristobal,Plus Performance - ZEO Sport,17,
1120,1535,RAMÍREZ Joseph Gerardo,Colono Bikestation Kölbi,17,
1121,2041,DA SILVA SANTOS Vinicius,São José Ciclismo,17,
1122,2085,DIAZ Christopher Jahir,4WD Rent a Car - Facatativa,17,
1123,2132,STENNING Oliver,Shenzhen Kung Cycling Team,17,
1124,757,VOLTR Martin,ATT Investments,17,
1125,0,MARIS Jesse,Technosylva Rower Bembibre,17,
1126,264,RIKUNOV Petr,Wheeltop Rotor Chengdu Team,17,
1127,2174,METAWEA Mahmoud,,17,
1128,571,MIMOUNI Oussama Abdellah,Madar Pro Cycling Team,17,
1129,1663,ATTAI Corneil Kokou,,17,
1130,1595,SOWOU Rémi,,17,
1131,918,SODJEDE Ricardo,,17,
1132,0,HORSBURGH Thomas,,17,
1133,2239,PEÁK Barnabás,MBH Bank CSB Telecom Fort,17,
1134,1505,KASTRATI Albion,CLN - Kosova,17,
1135,1509,ALREJJAL Mo'men,,17,
1136,1439,AL MAYYAS Mohammad,,17,
1137,1150,ED DOGHMY Achraf,N_lab Mentech Craft Team,17,
1138,0,IÉ Ivanildo,,17,
1139,1055,KARIĆ Vedad,Sidi Ali - Unlock Sports Team,17,
1140,0,LUKIĆ Leon,Kolesarski Klub Novo Mesto,17,
1141,0,ELCOCK Russell,,17,
1142,1413,MARSH Robert,,17,
1143,1059,BAILEY Zefal Trevor,,17,
1144,1058,BUTTIGIEG Aidan,Team Polti VisitMalta,17,
1145,1135,RAMSAY Andrew,,17,
1146,1170,RETAILLEAU Valentin,TotalEnergies,16,
1147,2066,GREENWOOD Matthew,CCACHE x BODYWRAP,16,
1148,169,TOWNSEND Rory,Unibet Rose Rockets,16,
1149,0,MA Binyan,China Anta - Mentech Cycling Team,16,
1150,0,LANGELLA Lenaic,CIC Pro Cycling Academy,16,
1151,462,AMAN Awet,Istanbul Team,16,
1152,0,TERADA Yoshiki,Team UKYO,16,
1153,1566,MENGHINI Alessio,Team Technipes #inEmiliaRomagna Caffè Borbone,16,
1154,2002,VAN DER WERFF Thom,Development Team Picnic PostNL,16,
1155,1434,ROSTOVTSEV Sergey,Bardiani CSF 7 Saber,16,
1156,565,FLYNN Sean,Team Picnic PostNL,16,
1157,2213,BETTENDORFF Loïc,Hrinkow Advarics,16,
1158,1161,BORTOLUZZI Giovanni,General Store - Essegibi - F.Lli Curia,16,
1159,1760,KMIELIAUSKAS Rokas,Energus Cycling Team,16,
1160,2190,GOSZCZURNY Patryk,Team Visma | Lease a Bike Development,16,
1161,2478,THÉOT Hugo,Guidon Chalettois,16,
1162,2149,BASSON Gustav,Tshenolo Pro Cycling Team,16,
1163,2171,ELSAIFY Hassan,,16,
1164,2095,LIGHTFOOT Mark,AVC Aix Provence Dole,16,
1165,0,AEBERSOLD Nils,Elite Fondations Cycling Team,16,
1166,0,BDADOU Youssef,,16,
1167,1559,CASTILLO Kevin David,Orgullo Paisa,16,
1168,1297,FORSSELL Hugo,CK Hymer,16,
1169,0,GORDILLO Emerson Ronaldo,Nu Colombia,16,
1170,1839,KLISMETS Kārlis,Energus Cycling Team,16,
1171,938,OKA Atsushi,Astemo Utsunomiya Blitzen,16,
1172,0,MESSEL Kevin Andre Sandli,Team Ringerike,16,
1173,0,HAFIZH Muhammad,ASC Monsters Indonesia,16,
1174,0,BELLENS Jarno,Baloise Verzekeringen - Het Poetsbureau Lions,16,
1175,0,RODRIGUES Rúben,Feira dos Sofás - Boavista,16,
1176,2183,MACHHOLDT Magnus,Reffen CO:PLAY Giant Store,16,
1177,2261,ADOMAITIS Rokas,Energus Cycling Team,16,
1178,852,ORMISTON Callum,The Joyrun & Hurricane Cycling Team,16,
1179,1929,AGUIRRE Hernán Ricardo,Qinghai Tianyoude Hotel Cycling Team,16,
1180,709,SIRIRONNACHAI Sarawut,,15,
1181,1908,STOCKWELL Oliver,Bahrain - Victorious,15,
1182,0,KIECK Blaine,UV Aube,15,
1183,1240,RODRÍGUEZ Diego Leonel,,15,
1184,0,SURÉN Roger,Alpecin-Premier Tech Development Team,15,
1185,678,WILKSCH Hannes,Tudor Pro Cycling Team,15,
1186,681,GAMPER Patrick,Team Jayco AlUla,15,
1187,0,QUITA Ronnilan,7Eleven Cliqq Roadbike Philippines,15,
1188,530,DE POOTER Dries,Team Jayco AlUla,15,
1189,1901,MOORE Viggo,Tirol KTM Cycling Team,15,
1190,0,CALDERÓN Jerónimo,Team Sistecredito,15,
1191,1186,ALUSTIZA Nicolás,Euskaltel - Euskadi,15,
1192,1101,DUARTE Emanuel,Credibom / LA Alumínios / Marcos Car,15,
1193,1116,LAENGEN Vegard Stake,UAE Team Emirates - XRG,15,
1194,1878,MARCEROU Nicola,TotalEnergies,15,
1195,1829,FABRIES Ugo,UAE Team Emirates Gen Z,15,
1196,1319,SVARRE Tobias,Uno-X Mobility,15,
1197,1211,DEMAN Brem,Team Flanders - Baloise,15,
1198,0,VANDEN EYNDE Mats,Lidl - Trek Future Racing,15,
1199,0,BEHRENS Eike,Team Lotto Kern-Haus Outlet Montabaur,15,
1200,1467,BIEHL Kevin,General Store - Essegibi - F.Lli Curia,15,
1201,701,VERSCHUREN Killian,Unibet Rose Rockets,15,
1202,1553,CALDERÓN Sebastian,7C - Economy - Hyundai,15,
1203,1280,THALMANN Roland,Tudor Pro Cycling Team,15,
1204,2419,BOZZOLA Mirko,S.C. Padovani Polo Cherry Bank,15,
1205,0,ELSAID Omar,,15,
1206,0,MOLLY Kenny,Van Rysel Roubaix,15,
1207,1253,ŘEHA Filip,ATT Investments,15,
1208,1300,PETTITI Nicolo',Swatt Club,15,
1209,0,GIALLI Matteo,Team Hopplà,15,
1210,1939,BEREZNYAK Aleksandr,Wheeltop Rotor Chengdu Team,15,
1211,0,HOWELL Adam,Bourg-en-Bresse Ain Cyclisme,15,
1212,1288,MOHD ZARIFF Muhammad Nur Aiman,Terengganu Cycling Team,15,
1213,0,MCBIRNEY Tim,Project Echelon Racing,15,
1214,0,AHTOSALO Matias,UN Cycling Team,15,
1215,0,BABOVICH Mikita,Bahrain Victorious Development Team,15,
1216,0,DIALLO Yaya,,15,
1217,0,KAMAU Peter,,15,
1218,1390,ABREHA Negasi Haylu,Vega - Vitalcare - Dynatek,15,
1219,0,MIN Kyeongho,Seoul Cycling Team,15,
1220,1323,GARCIA Erlin Antonio,,15,
1221,1105,BULUT Samet,Muğla Büyükşehir Belediyesi Spor Kulübü,15,
1222,1637,CÁ Apolinário,,15,
1223,1382,LIM Zhen Yu Darren,,15,
1224,0,SELIMOVIĆ Husein,,15,
1225,0,NAUMOVSKI Bojan,,15,
1226,1397,JELE Kwanele,,15,
1227,0,GAMERO Alonso Miguel,,15,
1228,2249,POPOV Martin,,15,
1229,1294,PHON ASA Thavone,,15,
1230,0,MACIEJUK Kacper,Voster Team,15,
1231,0,ŞAMLI Feritcan,Spor Toto Cycling Team,15,
1232,2032,DEBAY Filimon Zerabruk,,15,
1233,1790,ACHAS Christodoulos,ODL Team – Lasal Cocinas,15,
1234,2452,LUKOVIĆ Danilo,,15,
1235,0,RAMOS Alberto Rafael,,15,
1236,366,MAEKELE Milkias,INEOS Grenadiers Racing Academy,15,
1237,846,AÏT EL ABDIA Anass,Qatar Pro Team,15,
1238,1404,PETROVSKI Stefan,Cycling Team Velo-M Termalift,15,
1239,0,CÁ Elias,,15,
1240,1031,RABOUDE Jeremy,,15,
1241,0,NAVARRO Royner,,15,
1242,0,TRENCHEV Christian,,15,
1243,2030,MILAKONG Ananxay,,15,
1244,0,TOMIĆ Ivan Luka,,15,
1245,0,PANAYOT Alexander,,15,
1246,0,MEUNIER SOW Neriah,Surne Bilbao Cycling Team,15,
1247,1380,BARON Kohath,,15,
1248,1804,SOHRABI Mehdi,,15,
1249,0,MIRBAGHERI FIROOZABADI Seyyed Mohammad Nabi,,15,
1250,0,DE BOCK Aless,Alpecin-Premier Tech Development Team,15,
1251,0,FRANCIS Khalil,,15,
1252,0,AL ASMAR Khalil,,15,
1253,0,MAIDWELL Mark,,15,
1254,0,MCKENZIE Hamish,Team Jayco AlUla,14,
1255,574,BALLABIO Giacomo,Team Vorarlberg,14,
1256,539,KUZMIN Anton,XDS Astana Team,14,
1257,0,MANCILLA Martin,,14,
1258,1007,BATTISTELLA Samuele,EF Education - EasyPost,14,
1259,1832,VAN DEN EIJNDEN Guus,Alpecin-Premier Tech Development Team,14,
1260,2396,BICELLI Michele,Biesse - Carrera - Premac,14,
1261,834,OTTEMA Rick,EEW-VDK Cyclingteam,14,
1262,1262,ESPINOSA Bolivar,,14,
1263,0,JENNI Luca,Run & Race - Solarpur,14,
1264,1048,HEIDEMANN Miguel,REMBE | rad-net,14,
1265,0,SMITH Adam,AVC Aix Provence Dole,14,
1266,0,DAWSON Oliver,Jakroo Handsling Racing,14,
1267,1214,LEWIS Adam,APS Pro Cycling by Team Cadence Cyclery,14,
1268,712,TENE Rotem,NSN Cycling Team,14,
1269,0,MELOTTE Matteo,Color Code - Alu Center,14,
1270,0,TOMAN Patrik,Kasper crypto4me,14,
1271,1264,CANTONI Andrea,Mg.K Vis Costruzioni e Ambiente,14,
1272,0,GINTER Nicolas,Tirol KTM Cycling Team,14,
1273,0,SANFILIPPO Cristian,Biesse - Carrera - Premac,14,
1274,0,SHPAKOUSKI Viachaslau,,14,
1275,1394,ÓMARSSON Ingvar,,14,
1276,1132,PELIKÁN János,Team United Shipping,14,
1277,1667,PETROV Yordan,Hemus Troyan,14,
1278,0,PHOMSOUVANH Thepphasith,,14,
1279,0,KALLAS Mark,,14,
1280,1768,REYES Elvys Noel,,14,
1281,2503,GÁLVIZ Carlos Johan,Politachira Heidy Lee Sport TVN Norte,13,
1282,2074,GIL Angel Alexander,GW Erco SportFitness,13,
1283,1453,BOCHAROV Dmitriy,7 Saber Uzbekistan Cycling Team,13,
1284,271,GEOGHEGAN HART Tao,Lidl - Trek,13,
1285,876,FRYDKJÆR Patrick Boje,Lidl - Trek Future Racing,13,
1286,921,SMITH William,Team Visma | Lease a Bike Development,13,
1287,1565,JURADO Christofer Robín,,13,
1288,1711,NISU Oskar,China Anta - Mentech Cycling Team,13,
1289,1700,SCALA Hugo,Modern Adventure Pro Cycling,13,
1290,883,ANDERSEN Kasper,Swatt Club,13,
1291,1268,LÓPEZ Robinson Fabián,GW Erco SportFitness,13,
1292,599,SAMITIER Sergio,Cofidis,13,
1293,1799,DORENBOS Yanne,Azerion / Villa Valkenburg,13,
1294,0,MOREIRA Daniel Filipe Vieira,Hagens Berman Jayco,13,
1295,1936,BARBAS Rafael,Tavfer-Ovos Matinados-Mortágua,13,
1296,1703,BOROŠ Michael,Kasper crypto4me,13,
1297,1835,KOSSOKO Jérémie,SNH Vélo Club,13,
1298,0,CHEN Yusheng,China Anta - Mentech Cycling Team,13,
1299,374,SAFARZADEH Saeid,Qinghai Tianyoude Hotel Cycling Team,13,
1300,1265,WIRTGEN Luc,Tudor Pro Cycling Team,12,
1301,0,GRINDLEY Sebastian,Lidl - Trek Future Racing,12,
1302,882,MANZIN Lorrenzo,TotalEnergies,12,
1303,1945,LI You,XDS Astana Development Team,12,
1304,1548,BATMUNKH Maral-Erdene,Roojai Insurance Winspace,12,
1305,1685,IDERBOLD Bold,Wheeltop Rotor Chengdu Team,12,
1306,675,MARRIAGE Zac,NSN Development Team,12,
1307,0,MARTINSEN Georg Rydningen,Team Drali - Repsol,12,
1308,2079,ŠUMPÍK Pavel,Development Team Picnic PostNL,12,
1309,1552,ABDUL HALIL Mohamad Izzat Hilmi,Malaysia Pro Cycling,12,
1310,755,MONK Cyrus,FNIX - SCOM - Hengxiang Cycling Team,12,
1311,1543,STITES Tyler,Modern Adventure Pro Cycling,12,
1312,0,AZNAR Hugo,Equipo Kern Pharma,12,
1313,1503,PLAMONDON Joel,Charvieu Chavagneux Isère Cyclisme,12,
1314,339,BENNETT Sam,Pinarello Q36.5 Pro Cycling Team,12,
1315,1534,FERNÁNDEZ Sinuhé,Burgos Burpellet BH,12,
1316,1263,VAN BYLEN Liam,Decathlon CMA CGM Development Team,12,
1317,1444,GONÇALVES Diogo,Efapel Cycling,12,
1318,1197,RAWENDE Moucaila,,12,
1319,879,FERNÁNDEZ Rubén,Anicolor / Campicarn,12,
1320,1942,STEPANOV Andrei,Wheeltop Rotor Chengdu Team,12,
1321,2472,DEN BRABER Simon,Volharding Cycling Team,12,
1322,0,AVOINE Kévin,Van Rysel Roubaix,12,
1323,0,HØYDAHL Jonas Kind,Team Visma | Lease a Bike Development,12,
1324,1023,VERHOEFF Stefan,Universe Cycling Team,12,
1325,2039,JÓNSSON Kristinn,Team Give Steel,12,
1326,1097,VELIA Olsian,Sidi Ali - Unlock Sports Team,12,
1327,0,KEMBOI Cornelius,,12,
1328,0,KOK Mun Wa,,12,
1329,0,ZAGOREANU Dumitru,,12,
1330,1015,WHITE Conor,Jakroo Handsling Racing,12,
1331,0,NURIYEV Nofal,,12,
1332,1792,PAVÓN Rubén Sebastián,4WD Rent a Car - Facatativa,12,
1333,1672,SILVA Afonso,Team Tavira / Crédito Agrícola,12,
1334,1219,SANTY Arne,Tarteletto - Isorex,11,
1335,0,PÉREZ César,Equipo Kern Pharma,11,
1336,2145,ALONSO Agustín,,11,
1337,1775,JANIKULOV Samandar,7 Saber Uzbekistan Cycling Team,11,
1338,2511,KESSLER Cole,Modern Adventure Pro Cycling,11,
1339,0,PARETA Roger,Movistar Team Academy,11,
1340,0,PETERS Marvin,EEW-VDK Cyclingteam,11,
1341,826,KOTSAKIS Francisco,Plus Performance - ZEO Sport,11,
1342,1577,GOLLIKER Joshua,EF Education - Aevolo,11,
1343,1221,QUINTERO Juan Diego,,11,
1344,0,RODRIGUEZ Angel,,11,
1345,0,SCHAPER Joeri,Soudal Quick-Step Devo Team,11,
1346,0,CUBILLAS Javier,Movistar Team Academy,11,
1347,0,TOADER Alin,,11,
1348,2381,OIOLI Manuel,Swatt Club,11,
1349,1682,STRAVERS Jarri,Universe Cycling Team,11,
1350,2253,RIAHI Anes,Madar Pro Cycling Team,11,
1351,1244,MERLÖV Ville,BHS - PL Beton Bornholm,11,
1352,0,CZASA Moritz,Hucare Factory Team,11,
1353,1472,CASTAÑO Sebastián Alexander,Team Sistecredito,11,
1354,1276,DUBA Maxime,Azerion / Villa Valkenburg,11,
1355,1714,LEMES Bruno Martins,Localiza Meoo / Swift Pro Cycling,11,
1356,332,PELLAUD Simon,Li Ning Star,11,
1357,2057,ÅRNES Daniel,Van Rysel Roubaix,11,
1358,1411,VANDEPUTTE Niels,Alpecin-Premier Tech Development Team,11,
1359,793,CROCKETT Finn,VolkerWessels Cycling Team,11,
1360,0,EDINGER Roei,NSN Development Team,11,
1361,0,ROSS Kent,Cascadia,11,
1362,0,STEININGER Fabian,Schwingshandl Intralogistics,11,
1363,0,PIKU Leo,,11,
1364,1151,CAMPBELL Akill,,11,
1365,1378,RODRÍGUEZ Óscar,Netcompany INEOS,11,
1366,1057,DA CRUZ Nelio,,11,
1367,2141,JUMCHAT Nattapol,Thailand Continental Cycling Team,10,
1368,710,CLARKE Simon,,10,
1369,0,AMIRI Yousuf,,10,
1370,784,YUN Jaebin,Roojai Insurance Winspace,10,
1371,696,YIĞIT Tahir Buğra,Spor Toto Cycling Team,10,
1372,0,GARDNER James,Terengganu Cycling Team,10,
1373,1260,GIBBONS Ryan,Fly Cool Collective,10,
1374,991,MILLER Alex,,10,
1375,844,JUNG Wooho,Seoul Cycling Team,10,
1376,1870,ARNDT Nikias,Bahrain - Victorious,10,
1377,1485,VANGHELUWE Warre,Soudal Quick-Step,10,
1378,0,CAUDELL Ezra,Modern Adventure Pro Cycling,10,
1379,1226,TORRES Albert,Movistar Team,10,
1380,1141,JAKOBSEN Fabio,Team Picnic PostNL,10,Joe
1381,0,GROSPE Ismael Jr.,Victoria Sports Pro Cycling,10,
1382,2310,BELMANS Lennert,Alpecin - Premier Tech,10,
1383,567,BOIVIN Guillaume,NSN Cycling Team,10,
1384,1424,GELEIJN Owen,Unibet Rose Rockets,10,
1385,0,MOURIS Michiel,Red Bull - BORA - hansgrohe Rookies,10,
1386,0,IACCHI Alessandro,Solution Tech NIPPO Rali,10,
1387,0,NIELSEN Emil Nymand,NSN Development Team,10,
1388,0,ERRIPA Nehuén,Bialini Wheellab,10,
1389,0,CHALEIL Louis,Decathlon CMA CGM Development Team,10,
1390,2207,RIDOLFO Filippo,Team Novo Nordisk,10,
1391,2062,RACCAGNI Gabriele,Team Polti VisitMalta,10,
1392,0,CRUZ Nahuel,,10,
1393,904,SHICHKIN Vlas,Lokomotiv Manas,10,
1394,1645,GEERAERTS Ferre,Team Flanders - Baloise,10,
1395,461,WANDAHL Frederik,Red Bull - BORA - hansgrohe,10,
1396,1885,CHZHAN Igor,Quick Pro Team,10,
1397,0,CETTOLIN Filippo,Bardiani CSF 7 Saber,10,
1398,0,CORRELL Alexander,CCACHE x BODYWRAP,10,
1399,0,ÁGUILAR Jonathan,,10,
1400,0,SWAN Bailey,Zappi Racing Team,10,
1401,0,FORBES James,Qinghai Tianyoude Hotel Cycling Team,10,
1402,1911,LÓPEZ Joseba,Caja Rural - Seguros RGA,10,
1403,0,NEMBRINI Diego,General Store - Essegibi - F.Lli Curia,10,
1404,0,ALHAJERI Abdulaziz,Dubai Residence Cycling Club,10,
1405,978,OSES Luis Daniel,,10,
1406,1095,HAUGSTED Conrad,Team ColoQuick,10,
1407,1243,SOLEN Keije,Lotto - Groupe Wanty,10,
1408,467,JUNGELS Bob,Netcompany INEOS,10,
1409,1555,VARELA Leandro,,10,
1410,0,ORINS Robin,Lotto Intermarché,10,
1411,832,GELDERS Gil,Soudal Quick-Step,10,
1412,775,SAGRADO Alvaro,Team Storck - MRW Bau,10,
1413,0,ARMSTRONG Thomas,Wheelbase - Cabtech - Castelli,10,
1414,898,BASSET Pierre-Henry,XDS Astana Development Team,10,
1415,355,HAJEK Alexander,Red Bull - BORA - hansgrohe,10,
1416,1836,URIAN Jose Misael,Team Sistecredito,10,
1417,1812,VAN SCHIP Jan-Willem,Azerion / Villa Valkenburg,10,
1418,1583,JØLVING Otto Schultz,Team ColoQuick,10,
1419,2471,MAJEWSKI Kacper,Wibatech Lubelskie Perła Polski,10,
1420,2409,NAKKEN Tobias Risan,Team Drali - Repsol,10,
1421,1863,VĂIDIAN Iustin-Ioan,MENtoRISE Teem CCN,10,
1422,841,LOPES Lucas,Efapel Cycling,10,
1423,0,BOSCARO Davide,S.C. Padovani Polo Cherry Bank,10,
1424,0,DEURWEILHER Guillaume,,10,
1425,2133,DA SILVA Tiano,The Joyrun & Hurricane Cycling Team,10,
1426,0,GUAMÁ Byron,Best PC Ecuador,10,
1427,2218,ILBOUDO Soumaila,,10,
1428,0,ÖVERMARK Riku,,10,
1429,0,YUDHA Terry,Jakarta Pro Cycling Team,10,
1430,1762,PRECUP Horea-Stefan,,10,
1431,0,FIDEL Esnard,,10,
1432,0,CISSÉ Fidèle,,10,
1433,2097,VALENTI Luke,Club Ciclista Padronés - Cortizo,10,
1434,2248,JANG Kyung-Gu,,10,
1435,0,SIKHONDZE Sihlangu Ntsetse,,10,
1436,586,FELDHOFFER Bálint,Bahrain Victorious Development Team,10,
1437,1331,KÜÜT Oskar,Quick Pro Team,10,
1438,1611,MAHMUTOVIĆ Amir,,10,
1439,1951,CANASTUJ José David,Eca Electricidad Ciclismo,10,
1440,777,ALEMAYO Tekle,China Chermin Cycling Team,10,
1441,1370,KANEKO Sohei,Gunma Mammoth Racing Hiroshima,10,
1442,1774,DEL ROSARIO Juan Carlos,,10,
1443,0,DUARTE Thiago,,10,
1444,1258,ĐURIĆ Đorđe,Solution Tech NIPPO Rali,10,
1445,0,MARKOVSKI Kiril,,10,
1446,0,VANDERPOOL Gregory,Team Cadence Cyclery p/b Waldo Racing,10,
1447,1743,QUISPE Alaín Rossbel,,10,
1448,0,SHIVIKOV Koycho,,10,
1449,0,PHAPHO Volavath,,10,
1450,0,BOŠNJAK Fran,,10,
1451,0,OLARS Anton,Svealand Cycling Team,10,
1452,0,SOW Nar,,10,
1453,0,YIP Ga Cheng,,10,
1454,0,HOSSEINI Hadi,,10,
1455,0,ERDENEBAT Bilguunjargal,Shenzhen Kung Cycling Team,10,
1456,0,VANDEVORST Nio,Alpecin-Premier Tech Development Team,10,
1457,0,ALMANE Abdel Azez,,10,
1458,0,COTTON Otis,,10,
1459,0,PIERRE Alexis,Moyon Percy Manche Normandie,10,
1460,0,BARRETO DA COSTA José Carlos,,10,
1461,1877,FETTER Erik,Team United Shipping,9,
1462,966,KESSLER Bruno,Tudor Pro Cycling Team U23,9,
1463,1712,SERVRANCKX Gauthier,Soudal Quick-Step Devo Team,9,
1464,1484,FANTINI Christian,Solme - Olmo - Arvedi,9,
1465,848,ÁLVAREZ Rodrigo,Burgos Burpellet BH,9,
1466,544,TIVANI German Nicolás,Aviludo - Louletano - Loulé,9,
1467,0,ZAHÁLKA Matěj,Kasper crypto4me,9,
1468,0,UGARTE Gari,Euskaltel - Euskadi,9,
1469,1783,KLIMAVIČIUS Nikolas,Energus Cycling Team,9,
1470,0,URKAREGI Eñaut,Lidl - Trek Future Racing,9,
1471,0,FEURSTEIN Kilian,Team Vorarlberg,9,
1472,1256,RÖBER Dominik,Team Vorarlberg,9,
1473,0,FIORIN Matteo,Solme - Olmo - Arvedi,9,
1474,0,SCHOUREN Jip,Wielerploeg Groot Amsterdam,9,
1475,1255,DORUSSEN Johan,Metec - SOLARWATT p/b Mantel,9,
1476,0,FABBRO Riccardo,UC Trevigiani - Energiapura Marchiol,9,
1477,2312,GROß Felix,Team Standert Brandenburg  ,9,
1478,1435,YMERI Albion,,9,
1479,1080,ÖRKEN Ahmet,Spor Toto Cycling Team,9,
1480,0,GOMES Gil Landim,,9,
1481,0,POON Chung Kiat,,9,
1482,0,ISRAFILOV Tural,,9,
1483,0,YON HIN Daniel,7Eleven Cliqq Roadbike Philippines,9,
1484,1287,TOSCANO Bill Janz,,9,
1485,1178,TREPTE Liam,,9,
1486,0,ŠARAC Srđan,,9,
1487,1449,VILORIA Enmanuel David,Team Fam Birdman Level Up,8,
1488,1451,OBANDO Bryan Raul,GW Erco SportFitness,8,
1489,1516,LANGE Tyler,,8,
1490,0,MATSUI George,Aisan Racing Team,8,
1491,335,DOUBEY Fabien,TotalEnergies,8,
1492,0,WANG Ruidong,Li Ning Star,8,
1493,1064,MESA Santiago,Anicolor / Campicarn,8,
1494,1528,PAREJA Nichol Blanca,Victoria Sports Pro Cycling,8,
1495,1447,BORRESCH Julian,REMBE | rad-net,8,
1496,0,UPTEGROVE Ed,EEW-VDK Cyclingteam,8,
1497,0,BRENNER Mauro,REMBE | rad-net,8,
1498,2011,RIVERA Loyd Yuan,,8,
1499,0,RUIZ Bredio,,8,
1500,1861,GOMEZ Luis António,Fina Arroz CES Multimarcas Bancamiga,8,
1501,1136,GROSU Eduard-Michael,FNIX - SCOM - Hengxiang Cycling Team,8,
1502,0,CARRASCOSA Pablo,Equipo Kern Pharma,8,
1503,2469,CARSTENSEN Magnus,EF Education - Aevolo,8,
1504,0,NESBITT Jake,Butterfields Ziptrak Racing,8,
1505,0,RAWSON Dylan,St Kilda Cycling Club,8,
1506,0,KRAINER Taruia,,8,
1507,0,JACQUES Lucas,Color Code - Alu Center,8,
1508,0,INION Sander,,8,
1509,2048,MACÉ Marius,SCO Dijon Team Matériel-Velo.com,8,
1510,0,CHAPLIN Sam,Jakroo Handsling Racing,8,
1511,0,ANASTASIA Tommaso,Team Technipes #inEmiliaRomagna Caffè Borbone,8,
1512,648,DOWNES Brandon,Tshenolo Pro Cycling Team,8,
1513,0,MRAOUNI Salah Eddine,,8,
1514,1072,REYES Yeison Sebastian,Orgullo Paisa,8,
1515,1019,ARDILA Andrés Camilo,Nu Colombia,8,
1516,1327,SCHULTZ Elliot,Victoire Hiroshima,8,
1517,2389,HASHIKAWA Jo,Kinan Racing Team,8,
1518,0,VASSAL Théophile,Decathlon CMA CGM Development Team,8,
1519,1083,AGOSTINACCHIO Filippo,Biesse - Carrera - Premac,8,Gemini's Hipsters
1520,1217,HEMING Miká,ATT Investments,8,
1521,945,FOUGNER Eivind Broholt,Unibet Rose Rockets,8,
1522,1419,BROOKES Joseph,AVC Aix Provence Dole,8,
1523,0,ADAM Guillaume,Veloce Club Rouen 76,8,
1524,0,ŁĄTKOWSKI Dawid,Voster Team,8,
1525,1188,RODAS Manuel,Decorabaños - Bantrab,8,
1526,1395,NASTEVSKI Slobodan,,8,
1527,0,KIMBER George,ESEG Douai,8,
1528,1513,LITLERE Sverre,Run & Race - Solarpur,8,
1529,1550,PAREDES Anderson Timoteo,,7,
1530,1893,GOYO Jesus Miguel,Fina Arroz CES Multimarcas Bancamiga,7,
1531,1715,LADNGERN Peerapong,,7,
1532,1894,MAESTRE Winston José,Caja Rural - Alea,7,
1533,1067,REYNDERS Jens,Qatar Pro Team,7,
1534,0,HADEN Glenn,,7,
1535,0,SAKUNTAE Thanapat,,7,
1536,0,HANEKOM Jaques,,7,
1537,1919,BÁRTA Tomáš,Istanbul Team,7,
1538,0,WILSON Matthew,,7,
1539,0,RAVLA Prateek,,7,
1540,81,GROVES Kaden,Alpecin - Premier Tech,7,
1541,754,OKAMIKA Ander,Burgos Burpellet BH,7,
1542,1133,GIRMAY Mewael,Istanbul Team,7,
1543,2354,ORANZA Ronald,Standard Insurance PHI,7,
1544,1563,LUCERO Jericho,Go For Gold Philippines,7,
1545,0,OBLAK Gal,Factor Racing,7,
1546,0,RAMIREZ Cristobal Ignacio,,7,
1547,1661,PRONSKIY Daniil,Team Vino - North Qazaqstan Region,7,
1548,0,RAUS Jerome,AVC Aix Provence Dole,7,
1549,0,BAPTISTA Gabriel,Technosylva Rower Bembibre,7,
1550,967,KERGOZOU DE LA BOESSIERE Nick,St George Continental Cycling Team,7,
1551,2495,BEAUNE Mavric,Veloce Club Rouen 76,7,
1552,974,DYBALL Benjamin,FNIX - SCOM - Hengxiang Cycling Team,7,
1553,0,BERGAUD Sacha,SCO Dijon Team Matériel-Velo.com,7,
1554,0,DE GENDT Leander,Bahrain Victorious Development Team,7,
1555,0,JONES Toby,CCACHE x BODYWRAP,7,
1556,0,TORRES Melvin,Hino One La Red Suzuki,7,
1557,0,ALKAABI Saif,Shabab Al Ahli Cycling Team,7,
1558,1446,MAŚLAK Piotr,Voster Team,7,
1559,851,REDAE Bizay Tesfu,Madar Pro Cycling Team,7,
1560,0,ADEL ELZOGHABY Abdelrahman,,7,
1561,0,NIELSEN Magnus Lorents,Atom 6 Bikes - Cycleur de Luxe - Auto Stroo Team,7,
1562,0,AMANN Meo,Embrace The World,7,
1563,0,SQUIRE Ben,DCR Cycling Team,7,
1564,1902,PEZZO ROSOLA Kevin,General Store - Essegibi - F.Lli Curia,7,
1565,1856,MARTINGIL César,Tavfer-Ovos Matinados-Mortágua,7,
1566,0,MIKKELSEN Pelle Køster,AIRTOX - Carl Ras,7,
1567,0,VEENIS Vigo,Volharding Cycling Team,7,
1568,1117,SWIRBUL Keegan,Efapel Cycling,7,
1569,0,DO NASCIMENTO Rodrigo,Localiza Meoo / Swift Pro Cycling,7,
1570,0,EFRIEM Nahom,BIKE AID,7,
1571,1160,OYOLA Róbigzon Leandro,Team Medellín - EPM,7,
1572,0,RICO Cristian David,Nu Colombia,7,
1573,1261,KLARIS Magnus Bak,AIRTOX - Carl Ras,7,
1574,1126,MAROLT Jaka,Factor Racing,7,
1575,0,GRECHISHKIN Vadim,PC Baix Ebre,7,
1576,0,DE LONGHI Lorenzo,Campana Imballagi - Morbiato - Trentino,7,
1577,2131,JANSSEN Christoph,,7,
1578,0,BIANCALANI Andrea,Beltrami TSA Tre Colli,7,
1579,2331,TOFTEMARK Lucas,AIRTOX - Carl Ras,7,
1580,178,EDVARDSEN-FREDHEIM Stian,Uno-X Mobility,7,
1581,0,NIKAČEVIĆ Rastko,Team United Shipping,7,
1582,1854,SWENNE Delano,VolkerWessels Cycling Team,7,
1583,1182,DODD Matthew,INEOS Grenadiers Racing Academy,7,
1584,0,YAMAMOTO Tetsuo,Team UKYO,7,
1585,0,ERBERVELD Jorik,Dutch Food Valley Cycling Team,7,
1586,1207,WOUTERS Rutger,K.O.F.M. x Thielemans - Bildin - Van Eyck Sport Cycling Team,7,
1587,1541,HUPPERTZ Joshua,Team Lotto Kern-Haus Outlet Montabaur,7,
1588,0,FRATICELLI Luca,Vega - Vitalcare - Dynatek,7,
1589,1655,MONTENEGRO Santiago,Best PC Ecuador,7,
1590,854,PIDCOCK Joseph,Pinarello Q36.5 Pro Cycling Team,7,Joe
1591,1152,HAUGLAND Kasper,Decathlon CMA CGM Development Team,7,
1592,2220,TEPPO Petja,UN Cycling Team,7,
1593,1177,ABDURRAHMAN Muhammad,Jakarta Pro Cycling Team,7,
1594,1546,MENSAH Ezer,Team Baobab World Cola,7,
1595,0,KAMAU Davis,,7,
1596,0,SANDIE Jonathan,,7,
1597,2237,LAO Long San,,7,
1598,0,CELESTIN Joshua,,7,
1599,0,HARITONOV Andrei,,7,
1600,0,CARBUNAREA Andrei,CC Villeneuve Saint Germain,7,
1601,0,HEI LAU Wan,,7,
1602,0,LIU Qihua,,7,
1603,0,JOSEPH Eltus,,7,
1604,2182,DJIRE Daouda,,7,
1605,0,MORGUN Ghennadii,,7,
1606,2278,MORGAN Carl,,7,
1607,1283,MANSOURI Hamza,Madar Pro Cycling Team,7,
1608,1771,SIMON Semen,Ukraine Cycling Team,7,
1609,1773,PEDEN George,Team PB Performance,7,
1610,1393,CHOE Hyeong Min,,7,
1611,0,HICIANO Joshua,,7,
1612,1070,ILIĆ Ognjen,Benotti Berthold,7,
1613,0,NG Jun Hao Cyrus,,7,
1614,1442,TALIĆ Kadija,,7,
1615,2444,LEGOVIĆ Martin,,7,
1616,0,MNISI Samkeliso,,7,
1617,0,GONZÁLEZ André Alexander,,7,
1618,0,ZUMSTEIN Melk,Velo Club Mendrisio,7,
1619,2265,SAVIĆ Živko,,7,
1620,0,REYES Denis Stiven,,7,
1621,0,OTTONIEL CHONAY Wilson,Hino One La Red Suzuki,7,
1622,2110,WANG Kuicheng,Bodywrap LTwoo Cycling Team,7,
1623,0,LEMA Yared,,7,
1624,1782,HOVORUN Bogdan,Ukraine Cycling Team,7,
1625,0,VUČKOVIĆ Jovan,,7,
1626,0,GURBANOV Ali,,7,
1627,0,MARTE Roger,,7,
1628,0,DAVIDOV Igor,,7,
1629,0,KOUSIS Georgios,Eiser-Hirumet,7,
1630,2023,ECHAHED Ahmed,Sidi Ali - Unlock Sports Team,7,
1631,0,KRSTOV Mihail,,7,
1632,0,CLARKE Philip,,7,
1633,1791,MACK Newell,,7,
1634,1200,GOJKOVIĆ Nicolas,Pogi Team Gusto Ljubljana,7,
1635,0,KARLSSON Anton,,7,
1636,0,FALL Dame,,7,
1637,721,NSENGIYUMVA Shemu,,7,
1638,0,SEYED GHALICHI Seyed Milad Mohammad,,7,
1639,2157,VERGOUW Julian,Metec - SOLARWATT p/b Mantel,7,
1640,0,POELVOORDE Tars,Lotto - Groupe Wanty,7,
1641,1800,DIXON Jaequan,,7,
1642,0,MOUNI Vincent,,7,
1643,0,LUTTEKES Dick,,7,
1644,1716,BEZZA Quentin,SCO Dijon Team Matériel-Velo.com,7,
1645,0,MIKLOS Mota,,7,
1646,0,GIL Gusneiver Jose,Team Fam Birdman Level Up,6,
1647,365,CHAWCHIANGKWANG Peerapol,Thailand Continental Cycling Team,6,
1648,730,GONOV Lev,XDS Astana Team,6,
1649,1874,PINAZZI Mattia,Bardiani CSF 7 Saber,6,
1650,1247,LIM Jongwon,LX Cycling Team,6,
1651,1959,KEY Adrian,,6,
1652,955,PÉREZ Ciro,AVC Aix Provence Dole,6,
1653,0,YIP Hon Man,Equipo Finisher - Kern Pharma,6,
1654,1123,AGNOLETTO Blake,Groupama-FDJ United CT,6,
1655,1473,CONTTE Tomas,Aviludo - Louletano - Loulé,6,
1656,2404,MELLBY Joel,Lucky Sport Cycling Team,6,
1657,0,CARTY Jahkim,Nice Métropole Côte d'Azur,6,
1658,707,CATALDO Lorenzo,China Chermin Cycling Team,6,
1659,1488,VALJAVEC Erazem,Soudal Quick-Step Devo Team,6,
1660,827,MEDHANIE Natan,,6,
1661,0,BERNARD Thibaut,Lotto - Groupe Wanty,6,
1662,1540,LECROQ Jérémy,St Michel - Preference Home - Auber93,6,
1663,654,MILESI Nicolas,INEOS Grenadiers Racing Academy,6,
1664,0,HOBBS Henry,Team Visma | Lease a Bike Development,6,
1665,1209,VANDENSTORME Dylan,Team Flanders - Baloise,6,
1666,892,SEXTON Tom,St George Continental Cycling Team,6,
1667,481,GUARDEÑO Jaume,Caja Rural - Seguros RGA,6,
1668,698,DE ROSSI Lucas,China Anta - Mentech Cycling Team,6,
1669,887,OOSTERLINCK Joes,Van Rysel Roubaix,6,
1670,0,LESUEUR Louka,Veloce Club Rouen 76,6,
1671,0,LANE WELSH Tali,CCACHE x BODYWRAP,6,
1672,2223,FERNANDEZ Kendall,,6,
1673,2208,SKRAPCIS Olivers Jēkabs,Energus Cycling Team,6,
1674,0,MUSIALIK Jakub,Wibatech Lubelskie Perła Polski,6,
1675,0,HOMRIGHAUSEN Heiko,Embrace The World,6,
1676,0,BENGAYOU Abdelraouf,Mouloudia Club d&#039;Alger,6,
1677,0,SÁNCHEZ Pelayo,Movistar Team,6,
1678,1753,MCDUNPHY Conn,APS Pro Cycling by Team Cadence Cyclery,6,
1679,2100,ZANGERLE Emanuel,Team Vorarlberg,6,
1680,0,DE NEVE Joerik,B-Close Bal-Enzo Cycling Team,6,
1681,1729,RAMSAY Noah,Alpecin-Premier Tech Development Team,6,
1682,2488,LÓPEZ Ian,Modern Adventure Pro Cycling,6,
1683,1060,AGRICOLA Danijel,Metec - SOLARWATT p/b Mantel,6,
1684,0,GALLAGHER Oscar,CCACHE x BODYWRAP,6,
1685,0,DEPUYDT Daan,Baloise Verzekeringen - Het Poetsbureau Lions,6,
1686,785,FORTIN Filippo,Hrinkow Advarics,6,
1687,2113,VAN STRIJTHEM Matijs,Soudal Quick-Step Devo Team,6,
1688,0,ERWOOD Marshall,Whoosh - NZ Cycling Project,6,
1689,0,UWIDUHAYE Mike,Benediction Banafrica Team,6,
1690,0,CORON Justin,Veloce Club Rouen 76,6,
1691,1436,ROMERO Jorge,,6,
1692,670,STOLIĆ Mihajlo,Bahrain Victorious Development Team,6,
1693,0,PETROVSKI Aleksandar,,6,
1694,2034,WEATHERED Sean,,6,
1695,0,BOOS Benjamin,REMBE | rad-net,6,
1696,0,BLANC Gustave,Red Bull - BORA - hansgrohe Rookies,6,
1697,2499,GOMEZ Nicolas David,GW Erco SportFitness,5,
1698,0,COLMENARES Jad Sair,,5,
1699,1814,SUTER Joel,,5,
1700,0,STEVENSON Lucas,Team Brennan,5,
1701,1651,XU Shi Ru,,5,
1702,0,MASSA Dylan,Nice Métropole Côte d'Azur,5,
1703,1192,CHRISTIAN Sean,Modern Adventure Pro Cycling,5,
1704,838,DE BUYST Jasper,Lotto Intermarché,5,
1705,2314,VAN REES Christiaan,Development Team Picnic PostNL,5,
1706,1915,KMÍNEK Vojtěch,Burgos Burpellet BH,5,
1707,1431,VAN DEN BOER Seppe,Tudor Pro Cycling Team U23,5,
1708,524,GRANGER Ben,Solution Tech NIPPO Rali,5,
1709,0,BARUZZI Francesco,Team Visma | Lease a Bike Development,5,
1710,1531,MEO Felix James,Solution Tech NIPPO Rali,5,
1711,1469,VIVIANI Attilio,Solution Tech NIPPO Rali,5,
1712,0,POLGA Antonio,Team Novo Nordisk,5,
1713,0,BRAND Sam,Team Novo Nordisk,5,
1714,0,ARMITT Hamish,Team Novo Nordisk,5,
1715,0,POLI Umberto,Team Novo Nordisk,5,
1716,1146,GONZELI Otavio Augusto,Localiza Meoo / Swift Pro Cycling,5,
1717,0,VAN DEN HAUTE Milan,Team Flanders - Baloise,5,
1718,2134,VAN DER WAL Rik,EEW-VDK Cyclingteam,5,
1719,1104,LEDESMA Gerard,VC Fukuoka,5,
1720,0,FERNÁNDEZ Samuel,Euskaltel - Euskadi,5,
1721,0,AGUIRRE Yago,Euskaltel - Euskadi,5,
1722,0,VILLATE Ibai,Movistar Team Academy,5,
1723,0,VESCO Leonardo,Biesse - Carrera - Premac,5,
1724,1212,SMITHSON Jed,Hagens Berman Jayco,5,
1725,0,HEATH Will,CCACHE x BODYWRAP,5,
1726,0,RAMOS Unai,Equipo Kern Pharma,5,
1727,624,CORKERY Dillon,Team Picnic PostNL,5,
1728,0,CHARRET Camille,Cofidis,5,
1729,0,CARPENTER Robin,Modern Adventure Pro Cycling,5,
1730,1426,VANDENBRANDEN Noah,Team Flanders - Baloise,5,
1731,2309,ZANUTTA David,XDS Astana Development Team,5,
1732,0,MORANG Mil,Team Lotto Kern-Haus Outlet Montabaur,5,
1733,2163,ŤOUPALÍK Adam,Unibet Rose Rockets,5,
1734,1208,STOCKMAN Abram,Unibet Rose Rockets,5,
1735,767,JOUSSEAUME Alan,TotalEnergies,5,
1736,0,BARUSSEAU Mathéo,Vendée U Primeo Energie,5,
1737,818,GHYS Robbe,Decathlon CMA CGM Team,5,
1738,0,CHOBLET Pierre,VC Pays de Loudéac,5,
1739,0,WELCH Patrick,APS Pro Cycling by Team Cadence Cyclery,5,
1740,0,NAT Joost,BEAT CC p/b Saxo,5,
1741,1228,CONCA Filippo,Team Jayco AlUla,5,
1742,317,FORMOLO Davide,Movistar Team,5,
1743,0,DE OLIVEIRA Gustavo Xavier,Clube Maringaense de Ciclismo,5,
1744,1429,GINESTRA Lorenzo,Swatt Club,5,
1745,0,MENANTEAU Lucas,Vendée U Primeo Energie,5,
1746,0,DIGNANI Filippo,Vega - Vitalcare - Dynatek,5,
1747,1525,STELLA Davide,UAE Team Emirates Gen Z,5,
1748,0,COOMAN Kjell,B-Close Bal-Enzo Cycling Team,5,
1749,0,FEDOR Samuel,Dukla Banska Bystrica,5,
1750,1164,DE FABRITIIS Gabriele,Gragnano Sporting Club,5,
1751,0,LAMBERT WETZEL Tom,Vélo Club Villefranche Beaujolais,5,
1752,1460,HICKS Dylan,UN Cycling Team,5,
1753,0,WIŚNIEWSKI Szymon,Wibatech Lubelskie Perła Polski,5,
1754,1093,IVANOV Timofei,Wheeltop Rotor Chengdu Team,5,
1755,0,KYAVIRO Joël,,5,
1756,0,ROY Jacob,Les Régis p/b GROUPE AUTOMAX,5,
1757,949,BUDZIŃSKI Tomasz,ATT Investments,5,
1758,1979,DÍAZ Alex,Caja Rural - Seguros RGA,5,
1759,0,AAGAARD HANSEN Tobias,Team ColoQuick,5,
1760,693,WALLIN Rasmus Bøgh,Team Cranks,5,
1761,0,RODENBERG Frederik,STARK - Peter Ellegaard Track Team powered by SANA,5,
1762,0,GABOUREL Goran,,5,
1763,0,MUCHIRI John,Team Amani,5,
1764,0,FERREIRA Louis,Anicolor / Campicarn,5,
1765,0,SZIJÁRTÓ Zétény,Team United Shipping,5,
1766,0,COOK Leighton,Atom 6 Bikes - Cycleur de Luxe - Auto Stroo Team,4,
1767,0,QUINTERO Antoni Samuel,Alicanto Consulting G Kino Tachira,4,
1768,0,MADAN Ahmed,Bahrain Victorious Development Team,4,
1769,0,DE LANGE Tristan,,4,
1770,0,KARALIOK Yauheni,Muğla Büyükşehir Belediyesi Spor Kulübü,4,
1771,0,PRESBURY Jeremy,Whoosh - NZ Cycling Project,4,
1772,0,SIBINDI Amos,,4,
1773,0,VAN DER WESTHUIZEN Theuns,,4,
1774,0,ZHANG En Teng,,4,
1775,0,HINO Taisei,Shimano Racing Team,4,
1776,0,CARCUEVA Jonel,7Eleven Cliqq Roadbike Philippines,4,
1777,0,ROSATO Giacomo,Bahrain Victorious Development Team,4,
1778,0,ROSAS Brayan,,4,
1779,0,GAMBA Thomas,General Store - Essegibi - F.Lli Curia,4,
1780,2374,CÁRDENAS Vicente,,4,
1781,0,KEPPENS Cedric,Team Visma | Lease a Bike Development,4,
1782,0,NILSSON-JULIEN Oscar,AVC Aix Provence Dole,4,
1783,1100,LUCCA Riccardo,Quick Pro Team,4,
1784,0,HAYDON-SMITH Rohan,St George Continental Cycling Team,4,
1785,0,INGLIS Toby,Team Brennan,4,
1786,0,KORTLEVE Bart,Metec - SOLARWATT p/b Mantel,4,
1787,0,CUSACK Nathan,EF Education - Aevolo,4,
1788,1882,ZANINI Simone,XDS Astana Development Team,4,
1789,0,BILYI Maksym,Club Ciclista Padronés - Cortizo,4,
1790,1360,ALSABBAGH Mohammad,,4,
1791,0,MERNIK Sven Aleksander,Team Visma | Lease a Bike Development,4,
1792,1052,HUYS Laurens,Nice Métropole Côte d'Azur,4,
1793,0,TICHLER Thomas,WSA KTM Graz,4,
1794,0,ABD HALIM Muhammad Shahmir Aiman,Terengganu Cycling Team,4,
1795,1028,BERNAS Paweł,Voster Team,4,
1796,2187,MARTINI Marco,Team Technipes #inEmiliaRomagna Caffè Borbone,4,
1797,0,MOHAMED Moustafa Yasien,,4,
1798,0,ROMMELAERE Iben,Tarteletto - Isorex,4,
1799,0,ESSEMIANI Nasrallah,Madar Pro Cycling Team,4,
1800,1695,EMİŞCİ Ferhat,Spor Toto Cycling Team,4,
1801,0,HOYOS Juan Diego,Team Sistecredito,4,
1802,560,HABTEAB Yoel,BIKE AID,4,
1803,0,HARTER Luca,Hucare Factory Team,4,
1804,0,BUGGE Markus,CeramicSpeed Racing p/b Aros Forsikring ,4,
1805,0,CARVALHO André,Aviludo - Louletano - Loulé,4,
1806,954,VÁSQUEZ Juan Mardoqueo,Hino One La Red Suzuki,4,
1807,2364,BAK Simon,Team Give Steel,4,
1808,0,FRANQUESA Adria,Óbidos Cycling Team ,4,
1809,0,DE SUTTER Stijn,B-Close Bal-Enzo Cycling Team,4,
1810,1229,KAŠKO Dávid,Dukla Banska Bystrica,4,
1811,0,DUQUE Mateo,Atom 6 Bikes - Cycleur de Luxe - Auto Stroo Team,4,
1812,0,SIMS Oliver,Velo Club Avezzano LineaOro Bike,4,
1813,0,JORGE Edgar,Bourg-en-Bresse Ain Cyclisme,4,
1814,533,ZERAY Nahom,Team UKYO,4,
1815,2010,TANI Junsei,Astemo Utsunomiya Blitzen,4,
1816,0,BELLERI Michael,Beltrami TSA Tre Colli,4,
1817,2387,VANGSØ NIELSEN Thor,AIRTOX - Carl Ras,4,
1818,1988,CIPOLLINI Edoardo,MBH Bank CSB Telecom Fort,4,
1819,0,PROKOPYSZYN Filip,Klub Kolarski Tarnovia,4,
1820,1923,LE NY Jean-Louis,Veloce Club Rouen 76,4,
1821,788,SEVILLA Óscar,Team Medellín - EPM,4,
1822,0,PITKÄNEN Lauri,,4,
1823,0,VAN AERT Bernard,Nusantara Cycling Team,4,
1824,2233,HOUETO Emile,,4,
1825,2298,MARCHUK Dzianis,,4,
1826,0,VÍÐISSON Sigurður,,4,
1827,1728,ABI MANYU Julian,ASC Monsters Indonesia,4,
1828,0,FLOWERS Tarique,,4,
1829,2231,HARASIM Mihnea-Alexandru,Team Skyline,4,
1830,2424,NG Wing Chung,Quick Pro Team,4,
1831,0,KARAYA Kenneth,,4,
1832,1601,CHEANG Shing Hei,The Joyrun & Hurricane Cycling Team,4,
1833,0,VOLNEY Andray,,4,
1834,0,ISTRATENCO Vladislav,,4,
1835,0,AMELINE Jerome,,4,
1836,0,XHEMAJLI Arber,,4,
1837,0,TESFALEM Natan,,4,
1838,2016,JUMA Yousef,,4,
1839,0,ZHUMAKAN Alisher,XDS Astana Development Team,4,
1840,2255,MOTSA Thabiso,,4,
1841,0,HANCZ Tamás,,4,
1842,2437,AKPINAR Ahmet Can,Konya Büyükşehir Belediye Spor,4,
1843,0,JURKOVIĆ Toni,,4,
1844,2336,TOC Gerson,Eca Electricidad Ciclismo,4,
1845,0,MENG Shude,China Chermin Cycling Team,4,
1846,0,GEBREZIHER Girmalem,,4,
1847,0,KOUZIS Georgios,,4,
1848,2020,SYDOR Serhii,Huansheng - Vonoa - Taishan Sport Team,4,
1849,2031,DAŠIĆ Milić,,4,
1850,0,EYVAZOV Shahin,,4,
1851,2427,MAGOSAKI Daiki,Victoire Hiroshima,4,
1852,2243,BRITOS Maicol,,4,
1853,0,EFREM Nftalem,,4,
1854,2286,VILA Emiliano,ASPTT Nancy Meurthe-et-Moselle,4,
1855,0,ECHCHAIB Mouhcine,,4,
1856,0,HOWARD Dominic,,4,
1857,1765,MATOMBÉ Hanson,,4,
1858,0,MEKEM TSAKOU Jordan,SNH Vélo Club,4,
1859,1972,MARTINEZ Diler,,4,
1860,1991,ATENCIO Arquimides,,4,
1861,0,HADZHISTOYANOV Borislav,PSKK Vassil-Levski,4,
1862,0,SIPHAKDY Souksavanh,,4,
1863,2021,PERAN Ian,,4,
1864,0,KÄLL Rasmus,,4,
1865,0,KAMALEDDINE Nafez,,4,
1866,2232,BIN FAISAL Arfan,,4,
1867,1607,NGENDAHAYO Jeremie,May Stars,4,
1868,0,AGHAKASHI Mahdi,,4,
1869,2433,NEMATOV Abdurahmon,7 Saber Uzbekistan Cycling Team,4,
1870,2285,BAILEY Barrington,,4,
1871,1194,VAN SINTMAARTENSDIJK Daan,BEAT CC p/b Saxo,4,
1872,1617,WYSEURE Joran,Alpecin-Premier Tech Development Team,4,
1873,0,PICARD Paul,SCO Dijon Team Matériel-Velo.com,4,
1874,0,WEHBE Jean,,4,
1875,0,VIDAL Victor,BIKE AID,4,
1876,0,COMPAORE Isidore,,4,
1877,0,SPIJKER Karl,,4,
1878,1304,GOMEZ Camilo Andres,GW Erco SportFitness,3,
1879,0,PEEBLES Andrew,,3,
1880,0,MOCHIZUKI Ren,,3,
1881,811,DAVY Clément,Nice Métropole Côte d'Azur,3,
1882,0,CASTRO Sebastián,Movistar Team Academy,3,
1883,2407,STIEGER Adrian,Schwingshandl Intralogistics,3,
1884,534,MEIJERS Jeroen,Victoria Sports Pro Cycling,3,
1885,1847,BRICENO Jaylen,,3,
1886,0,LÉVÊQUE Théo,TotalEnergies,3,
1887,0,ROCA Albert,Caja Rural - Alea,3,
1888,0,RÄIM Mihkel,Quick Pro Team,3,
1889,0,LEBOUCHER Anatole,Veloce Club Rouen 76,3,
1890,0,MANDAC Marvin,Go For Gold Philippines,3,
1891,0,RAMADHAN Ilham Dzikri,Nusantara Cycling Team,3,
1892,0,MCADAM Matson,Giant Cycling Team,3,
1893,2197,GUERINEL Manu,Guidon Chalettois,3,
1894,0,IGOSHEV Egor,Lokomotiv Manas,3,
1895,2204,VESLUM Sebastian,Team Drali - Repsol,3,
1896,0,MARTINEZ Jorge Fabricio,,3,
1897,1225,LEIDERT Louis,Lidl - Trek Future Racing,3,
1898,2166,SAM Edwin,Decorabaños - Bantrab,3,
1899,2115,SALGUEIRO Carlos Miguel,Team Tavira / Crédito Agrícola,3,
1900,1103,GARZÓN Óscar Santiago,GW Erco SportFitness,3,
1901,2328,MOLINA Igor Teodoro,Andbank Cycling Team,3,
1902,0,DE REZENDE Edson Gilmar,Localiza Meoo / Swift Pro Cycling,3,
1903,2186,ODA Hijiri,Aisan Racing Team,3,
1904,0,KACZOROWSKI Franciszek,Mazowsze Serce Polski,3,
1905,2475,SCHANDORFF IWERSEN Emil,BHS - PL Beton Bornholm,3,
1906,0,VAN DER WERF Sven,Maia / Earth Consulters,3,
1907,1425,RAUGEL Antoine,Van Rysel Roubaix,3,
1908,1128,JONKMANS Tom,Wielerploeg Groot Amsterdam,3,
1909,0,WOODGATE Louis Joel,,3,
1910,1826,CAROLLO Francesco,Swatt Club,3,
1911,1646,GARAVAGLIA Giacomo,Swatt Club,3,
1912,1978,SHELTON Marcis,Competitive Edge Racing,3,
1913,1481,TABELLION Valentin,AVC Aix Provence Dole,3,
1914,0,MÄTIK Oliver,Tudor Pro Cycling Team U23,3,
1915,0,MOUHAMMED Ibrahim,,3,
1916,1698,TIENTCHEU Michel Boris,,3,
1917,0,COWAN Quentin,Team Vittel N'side,3,
1918,0,SURDYK Filip,Spica Solutions Team,3,
1919,0,DE CLERCQ Naud,Pauwels Sauzen - Altez Industriebouw Cycling Team,3,
1920,0,SHANNON Tynan,Team Brennan,3,
1921,1785,GROZEV Gabriel,PSKK Vassil-Levski,3,
1922,0,JAMSHIDIAN Amir Hossein,,3,
1923,0,MARTÍN Marco,Euskaltel - Euskadi,3,
1924,1556,TORRES Edwin Yair,Lotería del Táchira Servitel,2,
1925,0,RINCON German,Alicanto Consulting G Kino Tachira,2,
1926,0,FLÓREZ Miguel Eduardo,Arenas Tlax-Mex,2,
1927,0,PANSAARD Arttasorn,Roojai Insurance Winspace,2,
1928,658,EPIS Giosuè,Gallina Ecotek Lucchini,2,
1929,0,JOEL Nateneal,,2,
1930,0,ÇIÇEK Mehmet,Konya Büyükşehir Belediye Spor,2,
1931,1977,CHAKAZA Amos,,2,
1932,1865,SCHUTTE Ryno,,2,
1933,0,SHINDO Taito,EQADS,2,
1934,0,BUSH Jacob,Development Team Picnic PostNL,2,
1935,0,URSELLA Lorenzo,S.C. Padovani Polo Cherry Bank,2,
1936,0,BONDOC Rench Michael,Go For Gold Philippines,2,
1937,0,DAZA René,,2,
1938,0,NOVIKOV Savva,Antalya Spor Kulübü,2,
1939,0,CANAVIRI Samuel,,2,
1940,1922,GUILLEMETTE Mathias,Tudor Pro Cycling Team U23,2,
1941,2519,WIGGINS Ben,Hagens Berman Jayco,2,
1942,0,MCGILL Scott,Modern Adventure Pro Cycling,2,
1943,0,FRIEDL Anatol,Red Bull - BORA - hansgrohe Rookies,2,
1944,0,VILLAR Iker,Caja Rural - Seguros RGA,2,
1945,0,SANTIAGO Amauri,,2,
1946,0,EVERTSEN-HEGREBERG Simen,Lucky Sport Cycling Team,2,
1947,0,LAGO Marc Ryan,Go For Gold Philippines,2,
1948,2291,GLADEK Marcel,Factor Racing,2,
1949,0,MORALES Ferlandy Eliú,Castelli Deluxe RedHook,2,
1950,0,ALWHEIBI Saeed,,2,
1951,2077,MOONEN Zeno,Tarteletto - Isorex,2,
1952,1046,BONIFACE Lucas,,2,
1953,0,ERASMUS Alexander Francois,Tshenolo Pro Cycling Team,2,
1954,1757,JIMÉNEZ Dylan Roberto,ODL Team – Lasal Cocinas,2,
1955,1514,VAN NIEKERK Emile,Tshenolo Pro Cycling Team,2,
1956,2244,MOVLONBERDIYEV Mustafo,Syrdarya Cycling Team,2,
1957,0,ELHUSSEINI KHALIL Assem,,2,
1958,0,ZARAGOZA Vicent,Natural Greatness - Rali - Alé,2,
1959,0,MOTTES Lorenzo,UC Trevigiani - Energiapura Marchiol,2,
1960,0,ELSHINAWY Ahmed Esameldin,,2,
1961,0,WALSHAM Sam,,2,
1962,0,DRAKE Beckam,The Parks Law Firm Racing Team,2,
1963,0,CLERX Ferre,Stageco Cycling Team,2,
1964,0,BOUDA Wahabou,,2,
1965,0,GOMEZ David Santiago,Orgullo Paisa,2,
1966,0,LOKEY Kai,Meridian Racing p/b de la Uz,2,
1967,1357,SÁNCHEZ Brayan,Team Medellín - EPM,2,
1968,1521,PINZÓN Edgar Andrés,Team Sistecredito,2,
1969,0,BRASPENNING Martijn,Willebrord Wil Vooruit,2,
1970,2101,MERSEBURG Dominik,Hucare Factory Team,2,
1971,0,TIRRY Arthur,DL Chemicals - Experza,2,
1972,1705,ZAHÁLKA Štěpán,Kasper crypto4me,2,
1973,0,KUBOKI Kazushige,Team UKYO,2,
1974,1984,FERNÁNDEZ Óscar Hernán,Nu Colombia,2,
1975,2487,PERSSON Hugo,UN Cycling Team,2,
1976,0,YAMADA Takumi,Shimano Racing Team,2,
1977,0,SKOT-HANSEN Aksel Bech,Team Give Steel,2,
1978,0,MATĚJEK Šimon,Factor Racing,2,
1979,0,DOMINGUEZ Mauricio,,2,
1980,0,FREIRE Marcos,UAE Team Emirates Gen Z,2,
1981,0,ROSSETTI Thomas,General Store - Essegibi - F.Lli Curia,2,
1982,0,COLON Johan Antonio,GW Erco SportFitness,2,
1983,0,SMITH Jeremy,Óbidos Cycling Team ,2,
1984,0,BLANC Johan,Groupama-FDJ United CT,2,
1985,0,BOULET Enzo,Vélo Club Villefranche Beaujolais,2,
1986,2366,MIYAZAKI Taishi,Astemo Utsunomiya Blitzen,2,
1987,1448,MASUDA Nariyuki,Astemo Utsunomiya Blitzen,2,
1988,2513,TAKEYAMA Kosuke,Astemo Utsunomiya Blitzen,2,
1989,871,FENG Chun Kai,Astemo Utsunomiya Blitzen,2,
1990,1837,QUINTERO Leonel,Victoire Hiroshima,2,
1991,2399,SEKSE Jørgen,Team Drali - Repsol,2,
1992,0,REGNANTI Matteo,Solution Tech NIPPO Rali,2,
1993,1147,WIJFJE Tom,Universe Cycling Team,2,
1994,0,CHAUSSINAND Joris,CIC Pro Cycling Academy,2,
1995,0,LECAMUS-LAMBERT Florentin,Veloce Club Rouen 76,2,
1996,0,PAGE-BROWN Reuben,Team Brennan,2,
1997,1827,HOLSTAD Ludvik,Team Ringerike,2,
1998,0,HOFER Valentin,Bahrain Victorious Development Team,2,
1999,815,YAMAMOTO Masaki,VC Fukuoka,2,
2000,0,JOBBER James,The Joyrun & Hurricane Cycling Team,2,
2001,0,SERANGELI Giacomo,Hagens Berman Jayco,2,
2002,1463,NGUEGUIM Steve Auriol,SNH Vélo Club,2,
2003,2344,ROSERO Nixon Efrain,Best PC Ecuador,2,
2004,758,VANÍČEK Šimon,ATT Investments,2,
2005,0,SAVUKOSKI Severi,,2,
2006,0,VANTHOURENHOUT Michael,,2,
2007,0,PIRINEN Miko,NSN Development Team,2,
2008,0,PIZZI Nicolo',Team Technipes #inEmiliaRomagna Caffè Borbone,2,
2009,0,GRINKEVICH Mark,,2,
2010,1236,CARDIS Romain,St Michel - Preference Home - Auber93,2,
2011,1598,BUTA Catalin,MENtoRISE Teem CCN,2,
2012,0,BEN MOSHE Yuval,,2,
2013,2227,NG Sum Lui,HKSI Pro Cycling Team,2,
2014,0,KINYANJUI Ngugi Stanley,,2,
2015,0,MALAKWEN Ivan Kipruto,Team Amani,2,
2016,0,KOORNDIJK Ernesto,,2,
2017,0,MERCIER Kivanni,,2,
2018,0,SIDIBÉ Sibiri,,2,
2019,0,BJARNASON Björgvin,,2,
2020,0,SOLOMON Jeremy,,2,
2021,0,LEVY Dylan,,2,
2022,0,CAZACEANU Tudor,,2,
2023,0,LLANA Habib,,2,
2024,1339,MOW Ching Yin,HKSI Pro Cycling Team,2,
2025,0,KARANJA Peter,,2,
2026,2013,LEI Kwok Hung,,2,
2027,0,BORON Melvin,Decorabaños - Bantrab,2,
2028,0,TCACENCO Alexandr,,2,
2029,0,COTTLE David,,2,
2030,0,KOVGERS Kristers,,2,
2031,0,VAN DE VEN Jarne,Metec - SOLARWATT p/b Mantel,2,
2032,0,GERDAUSKAS Aironas,Energus Cycling Team,2,
2033,1391,HAILEMARYAM Gereziher Geremedhin,,2,
2034,0,VASILOUDES BAYADAS Orpheas,,2,
2035,0,CHARLTON Josh,INEOS Grenadiers Racing Academy,2,
2036,0,CAO Houwang,Camp Cycling Team,2,
2037,2226,BINAKAJ Valon,,2,
2038,2238,GRYNIV Vitaliy,,2,
2039,1776,HONG Youngtaek,,2,
2040,0,SOUSA SILVA Gabriel,Localiza Meoo / Swift Pro Cycling,2,
2041,0,GARCIA Lisander Michael,,2,
2042,0,JANG Junu,Seoul Cycling Team,2,
2043,0,APOSTOLOPOULOS Eleftherios,,2,
2044,0,KHAMES Ala'a,,2,
2045,1524,RAHIL Zouhair,Sidi Ali - Unlock Sports Team,2,
2046,0,TOH Brayden,,2,
2047,2260,BLAZEVIC Jonathan,Cyklotym Havířov - Tirana,2,
2048,2438,ZWANE Mduduzi,,2,
2049,0,BRATHWAITE Kamili,,2,
2050,0,XAYALATH Thongmany,,2,
2051,2268,HADŽIABLAHOVIĆ Hasan,,2,
2052,0,NSHUTIRAGUMA Kevin,,2,
2053,0,ARIKAN Doğukan,Spor Toto Cycling Team,2,
2054,2028,PIHLJAK Tarik,,2,
2055,2022,LAŠINIS Venantas,,2,
2056,0,ZHANG Huibin,Giant Cycling Team,2,
2057,0,ZOZULIA Andriy,Ukraine Cycling Team,2,
2058,1612,POLANCO Steven,,2,
2059,0,FARID Youssef,,2,
2060,0,PETRUSHEVSKI David,,2,
2061,0,LINCOLN Yannick,,2,
2062,1318,CHOFOR Fabrice,SNH Vélo Club,2,
2063,0,KING Jomari,,2,
2064,0,VÁSQUEZ Sergio Luis,,2,
2065,0,CONDORI Aldair,,2,
2066,1403,PALASHEV Borislav,PSKK Vassil-Levski,2,
2067,0,CHINNACHACK Salibout,,2,
2068,0,ALEXANDER Joshua Stephen,,2,
2069,1903,DE LUCA Teodor,Lucky Sport Cycling Team,2,
2070,1670,CAMILLERI John,,2,
2071,0,ESTRADA Kevin,,2,
2072,1174,YEO Boon Kiak,,2,
2073,1401,NKUNDABERA Eric,,2,
2074,0,CARLSSON Jimmy,,2,
2075,1372,ARIYAN Behnam,,2,
2076,0,MIRZALIEV Shakhzod,,2,
2077,1884,CLAEYS Robbe,VolkerWessels Cycling Team,2,
2078,886,MEENS Johan,Aarco,2,
2079,0,HERBRETEAU Victor,UC Cholet 49,2,
2080,2428,ORTIZ Orlando,,2,
2081,0,FORLIN Daniele,Movistar Team Academy,2,
2082,0,BOSIO Tommaso,General Store - Essegibi - F.Lli Curia,2,
2083,0,SUSANNA Heinrich,,2,
2084,0,DAVID Klisman,,2,
2085,0,KAPELA Marek,Klub Kolarski Tarnovia,2,
2086,2271,MONTEIRO DIAS Gilberto,,2,
2087,0,VILLASMIL Alexander,,1,
2088,1956,KLAHAN Noppachai,Thailand Continental Cycling Team,1,
2089,0,KOMAC Nejc,Factor Racing,1,
2090,1813,TORNEY Artuur,Team Flanders - Baloise,1,
2091,0,WEHBI Abdullah,,1,
2092,2345,HANGA Petrus,,1,
2093,2353,GORDGE Kieran,Hagens Berman Jayco,1,
2094,0,HERNÁNDEZ Christian Nahuel,,1,
2095,2266,ALTANGEREL Davaajargal,Shenzhen Kung Cycling Team,1,
2096,0,ERGASHEV Sanjarbek,7 Saber Uzbekistan Cycling Team,1,
2097,746,GUATIBONZA Jonathan,Movistar Team Academy,1,
2098,0,SADYKOV Ilyas,Antalya Spor Kulübü,1,
2099,1769,HOYOS Angel Jesus,Pío Rico Cycling Team,1,
2100,0,ZAFRA Marc,Soudal Quick-Step Devo Team,1,
2101,1738,ARRIAGADA Cristian,,1,
2102,0,MAUSS Moritz,UAE Team Emirates Gen Z,1,
2103,0,VANDEN WIJNGAERT Matteo,UAE Team Emirates Gen Z,1,
2104,1282,FRANCISCO Jude Gabriel,Victoria Sports Pro Cycling,1,
2105,1185,KUROEDA Shiki,Sparkle Oita Racing Team,1,
2106,0,WATTELLE Célestin,Team Novo Nordisk,1,
2107,1433,FIETZKE Paul,Red Bull - BORA - hansgrohe Rookies,1,
2108,0,GARCÍA Pablo,,1,
2109,0,RIGBY Monty,Tirol KTM Cycling Team,1,
2110,0,TIVANI Gerardo Matías,,1,
2111,2320,CANNISTER Goldwynn,Merida Adelaar Cycling Team,1,
2112,0,SAMANSANTI Nati,Grant Thornton Cycling Team,1,
2113,909,LEIJNSE Enzo,Anicolor / Campicarn,1,
2114,2254,MUGALU Shafik,Team Amani,1,
2115,0,MOHD NAWAWI Muhamad Iqbal Daniel,Malaysia Pro Cycling,1,
2116,563,SMIT Willie,China Anta - Mentech Cycling Team,1,
2117,1580,MEDWAY Jackson,Tudor Pro Cycling Team U23,1,
2118,0,GRIGOREV Aleksandr,Efapel Cycling,1,
2119,1417,BRÉANT Romain,AC Bisontine,1,
2120,0,DROUET Jules,Bourg-en-Bresse Ain Cyclisme,1,
2121,1415,BLAS Blayde,EuroCyclingTrips - CCN,1,
2122,0,ROWE Joshua,,1,
2123,0,ORELLANA Daniel,4WD Rent a Car - Facatativa,1,
2124,0,VISSER Guillaume,EEW-VDK Cyclingteam,1,
2125,0,REMELLI Cristian,General Store - Essegibi - F.Lli Curia,1,
2126,0,HASSAN Saeed,Abu Dhabi Cycling Club,1,
2127,1153,GRANADOS Alejandro,Colono Bikestation Kölbi,1,
2128,0,SCHLEUNIGER Nicola,Run & Race - Solarpur,1,
2129,0,HUCK Léandre,Van Rysel Roubaix,1,
2130,0,GUERRA Sandi,,1,
2131,0,WEBER Maximilian,Hucare Factory Team,1,
2132,1069,BRUNNER Eric,Project Echelon Racing,1,
2133,1267,CAPRON Rémi,Van Rysel Roubaix,1,
2134,890,GARCÍA Carlos Alfonso,,1,
2135,2126,KELLER Paul,Team Storck - MRW Bau,1,
2136,0,GÁLVEZ Jorge,Aviludo - Louletano - Loulé,1,
2137,0,SÁNCHEZ Rubén,Óbidos Cycling Team ,1,
2138,0,SEBEL Aidan,TaG Cycling,1,
2139,0,COQUE Anthony Sebastian,Best PC Ecuador,1,
2140,0,BROEX Victor,Metec - SOLARWATT p/b Mantel,1,
2141,1166,GUTIERREZ Carlos Alberto,Nu Colombia,1,
2142,0,LENNEMANN Anton,BIKE AID,1,
2143,0,DOMINGOS Werik Kaua,,1,
2144,1696,RAVBAR Anže,Factor Racing,1,
2145,0,PERA Marceli,Energus Cycling Team,1,
2146,0,POPOV Mark,PC Baix Ebre,1,
2147,0,LAZZARI Cristian Luís,ACRS Cycling Team,1,
2148,1092,GRYGOWSKI Hubert,Mazowsze Serce Polski,1,
2149,0,HANNES Victor,Aarco,1,
2150,0,KAZAKOV Danil,Technosylva Rower Bembibre,1,
2151,2172,ŘÍMAN Jakub,ATT Investments,1,
2152,0,MARTINS João,Credibom / LA Alumínios / Marcos Car,1,
2153,0,LEAL Cláudio,Aviludo - Louletano - Loulé,1,
2154,0,DECABOOTER Lance,Shifting Gears Strategica,1,
2155,0,ORMAZABAL Kepa,BBK - Euskadi,1,
2156,2384,DOCKX Gilles,Aarco,1,
2157,2168,BASARABA Mykhailo,UC Monaco,1,
2158,0,COUDIÈRE-CANTIN Timothée,Vendée U Primeo Energie,1,
2159,0,DEVROUTE Corentin,UV Aube,1,
2160,1025,KEE Zhe Yie,Terengganu Cycling Team,1,
2161,1927,LEWANDOWSKI Dawid,NSN Development Team,1,
2162,0,LEQUET Corentin,Atria Clermont Cyclisme,1,
2163,2098,HELLERUP Malte,Team ColoQuick,1,
2164,0,MACKIE Donovan,Team Novo Nordisk,1,
2165,1333,MACKIE Ewan,,1,
2166,725,ČERNÝ Josef,Kasper crypto4me,1,
2167,0,BAGUELIN Jocelyn,Aarco,1,
2168,0,O'BRIEN Killian,Team Skyline,1,
2169,0,DAINTY Harrison,Jakroo Handsling Racing,1,
2170,1526,HARO Wilson Steven,4WD Rent a Car - Facatativa,1,
2171,0,MEYER Julius,Embrace The World,1,
2172,0,VAN DER VOORT Boris,Wielerploeg Groot Amsterdam,1,
2173,0,PLAMONDON Robin,Vélo Cartel Racing / Siboire,1,
2174,0,PRIMOŽIČ Jaka,Hrinkow Advarics,1,
2175,2417,PUHAKKA Juuso,TWD Länken,1,
2176,0,MICHIELSEN Thor,Lidl - Trek Future Racing,1,
2177,0,SUTHERLAND Kaden,,1,
2178,0,GABAY Ido,,1,
2179,0,SALIFOU Abdou Baari,,1,
2180,0,SYCHUHOU Aliaksandr,Peloton-CCN,1,
2181,0,PAIN Caleb,Ride Revolution Coaching,1,
2182,0,ROSADO Fernando,,1,
2183,0,ZENG Chin Pang,,1,
2184,0,GASHI Hekuran,,1,
2185,0,SO Jaeyoon,Seoul Cycling Team,1,
2186,0,BATAINEH Hussam,,1,
2187,0,KOH Shi Xun Howard,,1,
2188,0,HAMZAOUI Mohamed Amine,Madar Pro Cycling Team,1,
2189,1784,FILUTÁS Viktor,,1,
2190,1316,MÄEUIBO Markus,Charvieu Chavagneux Isère Cyclisme,1,
2191,0,WOOD Oliver,RCC Racing,1,
2192,1474,CAMPOS Francisco,Team Tavira / Crédito Agrícola,1,
2193,0,KADLEC Milan,Kasper crypto4me,1,
2194,0,LANG Yannis,LRG - Cycling Team,1,
2195,0,DOĞAN Halil İbrahim,Muğla Büyükşehir Belediyesi Spor Kulübü,1,
2196,0,ALISPAHIĆ Ibrahim,,1,
2197,0,HARKINS Ģirts,CC Villeneuve Saint Germain,1,
2198,0,BRUŽAS Dovydas,Energus Cycling Team,1,
2199,0,NIU Yikui,Li Ning Star,1,
2200,0,FSEHAYE Semere,,1,
2201,0,TODOROV Anatolii,,1,
2202,0,FEELEY Daire,,1,
2203,0,KOVAČEVIĆ Jovan,,1,
2204,0,TRENDELYOV Maksim,,1,
2205,1789,RODRIGUEZ Frankel,Inteja Imca,1,
2206,0,BEREKET Naod,,1,
2207,0,DA PAIXAO MARQUES Felipe Cristiano,Localiza Meoo / Swift Pro Cycling,1,
2208,1326,DRAKOS Nikolaos Michail,Team United Shipping,1,
2209,0,M'HAH Yassine,Sidi Ali - Unlock Sports Team,1,
2210,0,LASHLEY Matthew,,1,
2211,1386,CELESTIN Torea,,1,
2212,0,SCOTT Steve,,1,
2213,0,SYBOUNKAEN Tounkham,,1,
2214,0,PRIBEG Lance,,1,
2215,0,GAY Ainsley,,1,
2216,0,SERRANO Felipe,,1,
2217,1764,KOH Dalvin,,1,
2218,0,UFITIMANA Shadrack,,1,
2219,0,FERMANELLI Marco,Vega - Vitalcare - Dynatek,1,
2220,2003,DE MOYER Kenay,Atom 6 Bikes - Cycleur de Luxe - Auto Stroo Team,1,
2221,0,DAVID Léo,UC Cholet 49,1,
2222,1412,MCFARLANE Melvin,,1,
2223,0,EL ACHKAR Nabih,,1,
2224,0,BAMOUNI Pawendin Robert,,1,
2225,0,CARTY Jimmy,,1,
2226,0,POKORNÝ Ondřej,TUFO - Pardus Prostějov,1,
2227,0,HORTER Matthew,Volharding Cycling Team,1,
2228,1511,LOPES Rúben,,1,
,,WILLIAMS Stephen,,0,Nick
,,BLACKMORE Joseph,,0,Tim
